Underdog,PredictedWinner,WinProbability_W
Arkansas,Iowa,0.00023007987
Auburn,Purdue,0.00023007987
Georgetown,Lehigh,0.00023007987
Illinois St,USC,0.00023007987
Kansas,Ohio,0.00023007987
Kentucky,Washington,0.00023007987
Louisiana Tech,Pittsburgh,0.00023007987
Loyola-Chicago,Iona,0.00023007987
North Carolina,MTSU,0.00023007987
Notre Dame,Oregon St,0.00023007987
Ohio St,Iowa St,0.00023007987
Oklahoma,NC A&T,0.00023007987
SMU,Old Dominion,0.00023007987
St John's,Southern Univ,0.00023007987
Temple,Virginia Tech,0.00023007987
UNLV,San Diego St,0.00023007987
Alabama,Arizona,0.00023007987
Boston College,Texas Tech,0.00023007987
Duke,Pepperdine,0.00023007987
Georgia,Wichita St,0.00023007987
Georgia Tech,Mercer,0.00023007987
Illinois,Northeastern,0.00023007987
Maryland,Miami OH,0.00023007987
Memphis,Penn,0.00023007987
Michigan,F Dickinson,0.00023007987
Navy,LSU,0.00023007987
NC State,Nevada,0.00023007987
Syracuse,DePaul,0.00023007987
UAB,Michigan St,0.00023007987
UTEP,Tulsa,0.00023007987
VCU,Marshall,0.00023007987
Villanova,Dayton,0.00023007987
Auburn,Kansas,0.00023007987
Georgetown,Temple,0.00023007987
Kentucky,UNLV,0.00023007987
Louisiana Tech,Ohio St,0.00023007987
Loyola-Chicago,SMU,0.00023007987
North Carolina,Notre Dame,0.00023007987
Oklahoma,Illinois St,0.00023007987
St John's,Arkansas,0.00023007987
Alabama,VCU,0.00023007987
Boston College,Duke,0.00023007987
Georgia Tech,Syracuse,0.00023007987
Illinois,Georgia,0.00023007987
Maryland,Navy,0.00023007987
Memphis,UAB,0.00023007987
NC State,UTEP,0.00023007987
Villanova,Michigan,0.00023007987
Georgetown,Loyola-Chicago,0.00023007987
Georgia Tech,Illinois,0.00023007987
Memphis,Boston College,0.00023007987
Oklahoma,Louisiana Tech,0.00023007987
NC State,Alabama,0.00023007987
North Carolina,Auburn,0.00023007987
St John's,Kentucky,0.00023007987
Villanova,Maryland,0.00023007987
Georgetown,Georgia Tech,0.00023007987
Memphis,Oklahoma,0.00023007987
St John's,NC State,0.00023007987
Villanova,North Carolina,0.00023007987
Georgetown,St John's,0.00023007987
Villanova,Memphis,0.00023007987
Villanova,Georgetown,0.00023007987
Bradley,UTEP,0.00023007987
DePaul,Virginia,0.00023007987
Duke,MS Valley St,0.00023007987
Georgetown,Texas Tech,0.00023007987
Georgia Tech,Marist,0.00023007987
Kansas,NC A&T,0.00023007987
Louisville,Drexel,0.00023007987
LSU,Purdue,0.00023007987
Memphis,Ball St,0.00023007987
Michigan St,Washington,0.00023007987
North Carolina,Utah,0.00023007987
Oklahoma,Northeastern,0.00023007987
Old Dominion,West Virginia,0.00023007987
Temple,Jacksonville,0.00023007987
UAB,Missouri,0.00023007987
Villanova,Virginia Tech,0.00023007987
Alabama,Xavier,0.00023007987
Ark Little Rock,Notre Dame,0.00023007987
Auburn,Arizona,0.00023007987
Cleveland St,Indiana,0.00023007987
Illinois,Fairfield,0.00023007987
Iowa St,Miami OH,0.00023007987
Kentucky,Davidson,0.00023007987
Maryland,Pepperdine,0.00023007987
Michigan,Akron,0.00023007987
Navy,Tulsa,0.00023007987
NC State,Iowa,0.00023007987
St John's,Montana St,0.00023007987
St Joseph's PA,Richmond,0.00023007987
Syracuse,Brown,0.00023007987
UNLV,ULM,0.00023007987
WKU,Nebraska,0.00023007987
DePaul,Oklahoma,0.00023007987
Duke,Old Dominion,0.00023007987
Georgia Tech,Villanova,0.00023007987
Kansas,Temple,0.00023007987
Louisville,Bradley,0.00023007987
LSU,Memphis,0.00023007987
Michigan St,Georgetown,0.00023007987
North Carolina,UAB,0.00023007987
Alabama,Illinois,0.00023007987
Auburn,St John's,0.00023007987
Cleveland St,St Joseph's PA,0.00023007987
Iowa St,Michigan,0.00023007987
Kentucky,WKU,0.00023007987
Navy,Syracuse,0.00023007987
NC State,Ark Little Rock,0.00023007987
UNLV,Maryland,0.00023007987
Auburn,UNLV,0.00023007987
Kentucky,Alabama,0.00023007987
Louisville,North Carolina,0.00023007987
LSU,Georgia Tech,0.00023007987
Duke,DePaul,0.00023007987
Kansas,Michigan St,0.00023007987
Navy,Cleveland St,0.00023007987
NC State,Iowa St,0.00023007987
Louisville,Auburn,0.00023007987
LSU,Kentucky,0.00023007987
Duke,Navy,0.00023007987
Kansas,NC State,0.00023007987
Duke,Kansas,0.00023007987
Louisville,LSU,0.00023007987
Louisville,Duke,0.00023007987
Alabama,NC A&T,0.00023007987
Auburn,San Diego,0.00023007987
Austin Peay,Illinois,0.00023007987
Duke,Texas A&M,0.00023007987
Indiana,Fairfield,0.00023007987
Kansas St,Georgia,0.00023007987
Michigan,Navy,0.00023007987
New Orleans,BYU,0.00023007987
North Carolina,Penn,0.00023007987
Notre Dame,MTSU,0.00023007987
Providence,UAB,0.00023007987
TCU,Marshall,0.00023007987
UCLA,C Michigan,0.00023007987
UNLV,Idaho St,0.00023007987
Wyoming,Virginia,0.00023007987
Xavier,Missouri,0.00023007987
DePaul,Louisiana Tech,0.00023007987
Florida,NC State,0.00023007987
Georgetown,Bucknell,0.00023007987
Iowa,Santa Clara,0.00023007987
Kansas,Houston,0.00023007987
LSU,Georgia Tech,0.00023007987
Missouri St,Clemson,0.00023007987
Ohio St,Kentucky,0.00023007987
Oklahoma,Tulsa,0.00023007987
Pittsburgh,Marist,0.00023007987
Purdue,Northeastern,0.00023007987
St John's,Wichita St,0.00023007987
Syracuse,Ga Southern,0.00023007987
Temple,Southern Univ,0.00023007987
UTEP,Arizona,0.00023007987
WKU,West Virginia,0.00023007987
Alabama,New Orleans,0.00023007987
Duke,Xavier,0.00023007987
Indiana,Auburn,0.00023007987
North Carolina,Michigan,0.00023007987
Notre Dame,TCU,0.00023007987
Providence,Austin Peay,0.00023007987
UNLV,Kansas St,0.00023007987
Wyoming,UCLA,0.00023007987
DePaul,St John's,0.00023007987
Florida,Purdue,0.00023007987
Georgetown,Ohio St,0.00023007987
Iowa,UTEP,0.00023007987
Kansas,Missouri St,0.00023007987
LSU,Temple,0.00023007987
Oklahoma,Pittsburgh,0.00023007987
Syracuse,WKU,0.00023007987
Georgetown,Kansas,0.00023007987
North Carolina,Notre Dame,0.00023007987
Providence,Alabama,0.00023007987
Syracuse,Florida,0.00023007987
Indiana,Duke,0.00023007987
Iowa,Oklahoma,0.00023007987
LSU,DePaul,0.00023007987
UNLV,Wyoming,0.00023007987
Providence,Georgetown,0.00023007987
Syracuse,North Carolina,0.00023007987
Indiana,LSU,0.00023007987
UNLV,Iowa,0.00023007987
Indiana,UNLV,0.00023007987
Syracuse,Providence,0.00023007987
Indiana,Syracuse,0.00023007987
Auburn,Bradley,0.00023007987
BYU,Charlotte,0.00023007987
DePaul,Wichita St,0.00023007987
Duke,Boston Univ,0.00023007987
Florida,St John's,0.00023007987
Kansas St,La Salle,0.00023007987
Louisville,Oregon St,0.00023007987
Loy Marymount,Wyoming,0.00023007987
Memphis,Baylor,0.00023007987
Michigan,Boise St,0.00023007987
North Carolina,North Texas,0.00023007987
Oklahoma,Chattanooga,0.00023007987
Purdue,F Dickinson,0.00023007987
Rhode Island,Missouri,0.00023007987
SMU,Notre Dame,0.00023007987
Syracuse,NC A&T,0.00023007987
Arizona,Cornell,0.00023007987
Georgetown,LSU,0.00023007987
Georgia Tech,Iowa St,0.00023007987
Illinois,UT San Antonio,0.00023007987
Iowa,Florida St,0.00023007987
Kansas,Xavier,0.00023007987
Kentucky,Southern Univ,0.00023007987
Maryland,UC Santa Barbara,0.00023007987
Murray St,NC State,0.00023007987
Pittsburgh,E Michigan,0.00023007987
Richmond,Indiana,0.00023007987
Seton Hall,UTEP,0.00023007987
Temple,Lehigh,0.00023007987
UNLV,Missouri St,0.00023007987
Vanderbilt,Utah St,0.00023007987
Villanova,Arkansas,0.00023007987
Duke,SMU,0.00023007987
Kansas St,DePaul,0.00023007987
Louisville,BYU,0.00023007987
Michigan,Florida,0.00023007987
North Carolina,Loy Marymount,0.00023007987
Oklahoma,Auburn,0.00023007987
Purdue,Memphis,0.00023007987
Rhode Island,Syracuse,0.00023007987
Arizona,Seton Hall,0.00023007987
Iowa,UNLV,0.00023007987
Kansas,Murray St,0.00023007987
Kentucky,Maryland,0.00023007987
Richmond,Georgia Tech,0.00023007987
Temple,Georgetown,0.00023007987
Vanderbilt,Pittsburgh,0.00023007987
Villanova,Illinois,0.00023007987
Duke,Rhode Island,0.00023007987
Oklahoma,Louisville,0.00023007987
Temple,Richmond,0.00023007987
Villanova,Kentucky,0.00023007987
Arizona,Iowa,0.00023007987
Kansas,Vanderbilt,0.00023007987
Kansas St,Purdue,0.00023007987
North Carolina,Michigan,0.00023007987
Duke,Temple,0.00023007987
Oklahoma,Villanova,0.00023007987
Arizona,North Carolina,0.00023007987
Kansas,Kansas St,0.00023007987
Kansas,Duke,0.00023007987
Oklahoma,Arizona,0.00023007987
Kansas,Oklahoma,0.00023007987
Arizona,Robert Morris,0.00023007987
Arkansas,Loy Marymount,0.00023007987
Ball St,Pittsburgh,0.00023007987
Clemson,St Mary's CA,0.00023007987
DePaul,Memphis,0.00023007987
Duke,S Carolina St,0.00023007987
Illinois,McNeese St,0.00023007987
Louisiana Tech,La Salle,0.00023007987
Louisville,Ark Little Rock,0.00023007987
Minnesota,Kansas St,0.00023007987
MTSU,Florida St,0.00023007987
Oklahoma,ETSU,0.00023007987
Siena,Stanford,0.00023007987
UNLV,Idaho,0.00023007987
Virginia,Providence,0.00023007987
West Virginia,Tennessee,0.00023007987
Colorado St,Florida,0.00023007987
Evansville,Oregon St,0.00023007987
Georgetown,Princeton,0.00023007987
Indiana,George Mason,0.00023007987
Iowa,Rutgers,0.00023007987
Michigan,Xavier,0.00023007987
Missouri,Creighton,0.00023007987
NC State,South Carolina,0.00023007987
North Carolina,Southern Univ,0.00023007987
Notre Dame,Vanderbilt,0.00023007987
Seton Hall,Missouri St,0.00023007987
South Alabama,Alabama,0.00023007987
Syracuse,Bucknell,0.00023007987
Texas,Georgia Tech,0.00023007987
UCLA,Iowa St,0.00023007987
UTEP,LSU,0.00023007987
Arizona,Clemson,0.00023007987
Duke,West Virginia,0.00023007987
Illinois,Ball St,0.00023007987
Louisville,Arkansas,0.00023007987
Minnesota,Siena,0.00023007987
Oklahoma,Louisiana Tech,0.00023007987
UNLV,DePaul,0.00023007987
Virginia,MTSU,0.00023007987
Georgetown,Notre Dame,0.00023007987
Indiana,UTEP,0.00023007987
Michigan,South Alabama,0.00023007987
Missouri,Texas,0.00023007987
NC State,Iowa,0.00023007987
North Carolina,UCLA,0.00023007987
Seton Hall,Evansville,0.00023007987
Syracuse,Colorado St,0.00023007987
Michigan,North Carolina,0.00023007987
Seton Hall,Indiana,0.00023007987
UNLV,Arizona,0.00023007987
Virginia,Oklahoma,0.00023007987
Duke,Minnesota,0.00023007987
Georgetown,NC State,0.00023007987
Illinois,Louisville,0.00023007987
Syracuse,Missouri,0.00023007987
Michigan,Virginia,0.00023007987
Seton Hall,UNLV,0.00023007987
Duke,Georgetown,0.00023007987
Illinois,Syracuse,0.00023007987
Michigan,Illinois,0.00023007987
Seton Hall,Duke,0.00023007987
Michigan,Seton Hall,0.00023007987
Arkansas,Princeton,0.00023007987
Ball St,Oregon St,0.00023007987
California,Indiana,0.00023007987
Clemson,BYU,0.00023007987
Connecticut,Boston Univ,0.00023007987
Dayton,Illinois,0.00023007987
Georgia Tech,ETSU,0.00023007987
La Salle,Southern Miss,0.00023007987
Louisville,Idaho,0.00023007987
LSU,Villanova,0.00023007987
Michigan St,Murray St,0.00023007987
North Carolina,Missouri St,0.00023007987
Ohio St,Providence,0.00023007987
Oklahoma,Towson,0.00023007987
UC Santa Barbara,Houston,0.00023007987
UNLV,Ark Little Rock,0.00023007987
Alabama,Colorado St,0.00023007987
Arizona,South Florida,0.00023007987
Duke,Richmond,0.00023007987
Georgetown,TX Southern,0.00023007987
Kansas,Robert Morris,0.00023007987
Loy Marymount,New Mexico St,0.00023007987
Michigan,Illinois St,0.00023007987
Minnesota,UTEP,0.00023007987
Northern Iowa,Missouri,0.00023007987
Purdue,ULM,0.00023007987
St John's,Temple,0.00023007987
Syracuse,Coppin St,0.00023007987
Texas,Georgia,0.00023007987
UCLA,UAB,0.00023007987
Virginia,Notre Dame,0.00023007987
Xavier,Kansas St,0.00023007987
Arkansas,Dayton,0.00023007987
Ball St,Louisville,0.00023007987
Clemson,La Salle,0.00023007987
Connecticut,California,0.00023007987
Georgia Tech,LSU,0.00023007987
Michigan St,UC Santa Barbara,0.00023007987
North Carolina,Oklahoma,0.00023007987
UNLV,Ohio St,0.00023007987
Alabama,Arizona,0.00023007987
Duke,St John's,0.00023007987
Loy Marymount,Michigan,0.00023007987
Minnesota,Northern Iowa,0.00023007987
Syracuse,Virginia,0.00023007987
Texas,Purdue,0.00023007987
UCLA,Kansas,0.00023007987
Xavier,Georgetown,0.00023007987
Arkansas,North Carolina,0.00023007987
Connecticut,Clemson,0.00023007987
Duke,UCLA,0.00023007987
Texas,Xavier,0.00023007987
Georgia Tech,Michigan St,0.00023007987
Loy Marymount,Alabama,0.00023007987
Minnesota,Syracuse,0.00023007987
UNLV,Ball St,0.00023007987
Arkansas,Texas,0.00023007987
Duke,Connecticut,0.00023007987
Georgia Tech,Minnesota,0.00023007987
UNLV,Loy Marymount,0.00023007987
Duke,Arkansas,0.00023007987
UNLV,Georgia Tech,0.00023007987
UNLV,Duke,0.00023007987
Arizona,St Francis PA,0.00023007987
BYU,Virginia,0.00023007987
Connecticut,LSU,0.00023007987
Creighton,New Mexico St,0.00023007987
Duke,ULM,0.00023007987
Florida St,USC,0.00023007987
Indiana,Coastal Car,0.00023007987
Iowa,ETSU,0.00023007987
Kansas,New Orleans,0.00023007987
NC State,Southern Miss,0.00023007987
Oklahoma St,New Mexico,0.00023007987
Pittsburgh,Georgia,0.00023007987
Richmond,Syracuse,0.00023007987
Seton Hall,Pepperdine,0.00023007987
Temple,Purdue,0.00023007987
Xavier,Nebraska,0.00023007987
Alabama,Murray St,0.00023007987
Arizona St,Rutgers,0.00023007987
Arkansas,Georgia St,0.00023007987
E Michigan,Mississippi St,0.00023007987
Georgetown,Vanderbilt,0.00023007987
Georgia Tech,DePaul,0.00023007987
Michigan St,WI Green Bay,0.00023007987
North Carolina,Northeastern,0.00023007987
Ohio St,Towson,0.00023007987
Penn St,UCLA,0.00023007987
St John's,N Illinois,0.00023007987
Texas,St Peter's,0.00023007987
UNLV,Montana,0.00023007987
Utah,South Alabama,0.00023007987
Villanova,Princeton,0.00023007987
Wake Forest,Louisiana Tech,0.00023007987
Arizona,BYU,0.00023007987
Connecticut,Xavier,0.00023007987
Duke,Iowa,0.00023007987
Indiana,Florida St,0.00023007987
Kansas,Pittsburgh,0.00023007987
Oklahoma St,NC State,0.00023007987
Seton Hall,Creighton,0.00023007987
Temple,Richmond,0.00023007987
Alabama,Wake Forest,0.00023007987
Arkansas,Arizona St,0.00023007987
E Michigan,Penn St,0.00023007987
North Carolina,Villanova,0.00023007987
Ohio St,Georgia Tech,0.00023007987
St John's,Texas,0.00023007987
UNLV,Georgetown,0.00023007987
Utah,Michigan St,0.00023007987
Arkansas,Alabama,0.00023007987
Kansas,Indiana,0.00023007987
Seton Hall,Arizona,0.00023007987
UNLV,Utah,0.00023007987
Duke,Connecticut,0.00023007987
North Carolina,E Michigan,0.00023007987
St John's,Ohio St,0.00023007987
Temple,Oklahoma St,0.00023007987
Kansas,Arkansas,0.00023007987
UNLV,Seton Hall,0.00023007987
Duke,St John's,0.00023007987
North Carolina,Temple,0.00023007987
Duke,UNLV,0.00023007987
Kansas,North Carolina,0.00023007987
Duke,Kansas,0.00023007987
Alabama,Stanford,0.00023007987
Arkansas,Murray St,0.00023007987
Connecticut,Nebraska,0.00023007987
Duke,Campbell,0.00023007987
Florida St,Montana,0.00023007987
Georgetown,South Florida,0.00023007987
Georgia Tech,Houston,0.00023007987
Indiana,E Illinois,0.00023007987
Iowa,Texas,0.00023007987
LSU,BYU,0.00023007987
Memphis,Pepperdine,0.00023007987
Missouri,West Virginia,0.00023007987
North Carolina,Miami OH,0.00023007987
Ohio St,MS Valley St,0.00023007987
Seton Hall,La Salle,0.00023007987
USC,ULM,0.00023007987
Cincinnati,Delaware,0.00023007987
ETSU,Arizona,0.00023007987
Iowa St,Charlotte,0.00023007987
Kansas,Howard,0.00023007987
Kentucky,Old Dominion,0.00023007987
Louisville,Wake Forest,0.00023007987
Massachusetts,Fordham,0.00023007987
Michigan,Temple,0.00023007987
Michigan St,Missouri St,0.00023007987
New Mexico St,DePaul,0.00023007987
Oklahoma St,Ga Southern,0.00023007987
Syracuse,Princeton,0.00023007987
Tulane,St John's,0.00023007987
UCLA,Robert Morris,0.00023007987
Louisiana,Oklahoma,0.00023007987
UTEP,Evansville,0.00023007987
Duke,Iowa,0.00023007987
Florida St,Georgetown,0.00023007987
Georgia Tech,USC,0.00023007987
Indiana,LSU,0.00023007987
Memphis,Arkansas,0.00023007987
North Carolina,Alabama,0.00023007987
Ohio St,Connecticut,0.00023007987
Seton Hall,Missouri,0.00023007987
Cincinnati,Michigan St,0.00023007987
Kentucky,Iowa St,0.00023007987
Massachusetts,Syracuse,0.00023007987
Michigan,ETSU,0.00023007987
New Mexico St,Louisiana,0.00023007987
Oklahoma St,Tulane,0.00023007987
UCLA,Louisville,0.00023007987
UTEP,Kansas,0.00023007987
Duke,Seton Hall,0.00023007987
Indiana,Florida St,0.00023007987
Kentucky,Massachusetts,0.00023007987
UCLA,New Mexico St,0.00023007987
Cincinnati,UTEP,0.00023007987
Memphis,Georgia Tech,0.00023007987
Michigan,Oklahoma St,0.00023007987
Ohio St,North Carolina,0.00023007987
Duke,Kentucky,0.00023007987
Indiana,UCLA,0.00023007987
Cincinnati,Memphis,0.00023007987
Michigan,Ohio St,0.00023007987
Duke,Indiana,0.00023007987
Michigan,Cincinnati,0.00023007987
Duke,Michigan,0.00023007987
Arkansas,Holy Cross,0.00023007987
BYU,SMU,0.00023007987
California,LSU,0.00023007987
Duke,S Illinois,0.00023007987
Florida St,Evansville,0.00023007987
Illinois,Long Beach St,0.00023007987
Kansas,Ball St,0.00023007987
North Carolina,East Carolina,0.00023007987
Rhode Island,Purdue,0.00023007987
Santa Clara,Arizona,0.00023007987
Seton Hall,Tennessee St,0.00023007987
St John's,Texas Tech,0.00023007987
Temple,Missouri,0.00023007987
Tulane,Kansas St,0.00023007987
Vanderbilt,Boise St,0.00023007987
WKU,Memphis,0.00023007987
Cincinnati,Coppin St,0.00023007987
G Washington,New Mexico,0.00023007987
Indiana,Wright St,0.00023007987
Iowa,ULM,0.00023007987
Kentucky,Rider,0.00023007987
Louisville,Delaware,0.00023007987
Massachusetts,Penn,0.00023007987
Michigan,Coastal Car,0.00023007987
New Mexico St,Nebraska,0.00023007987
Oklahoma St,Marquette,0.00023007987
Southern Univ,Georgia Tech,0.00023007987
UCLA,Iowa St,0.00023007987
Utah,Pittsburgh,0.00023007987
Virginia,Manhattan,0.00023007987
Wake Forest,Chattanooga,0.00023007987
Xavier,New Orleans,0.00023007987
Arkansas,St John's,0.00023007987
California,Duke,0.00023007987
Florida St,Tulane,0.00023007987
Kansas,BYU,0.00023007987
North Carolina,Rhode Island,0.00023007987
Temple,Santa Clara,0.00023007987
Vanderbilt,Illinois,0.00023007987
WKU,Seton Hall,0.00023007987
Cincinnati,New Mexico St,0.00023007987
G Washington,Southern Univ,0.00023007987
Indiana,Xavier,0.00023007987
Kentucky,Utah,0.00023007987
Louisville,Oklahoma St,0.00023007987
Michigan,UCLA,0.00023007987
Virginia,Massachusetts,0.00023007987
Wake Forest,Iowa,0.00023007987
Florida St,WKU,0.00023007987
Indiana,Louisville,0.00023007987
Kansas,California,0.00023007987
Kentucky,Wake Forest,0.00023007987
Cincinnati,Virginia,0.00023007987
Michigan,G Washington,0.00023007987
North Carolina,Arkansas,0.00023007987
Temple,Vanderbilt,0.00023007987
Kansas,Indiana,0.00023007987
Kentucky,Florida St,0.00023007987
Michigan,Temple,0.00023007987
North Carolina,Cincinnati,0.00023007987
Michigan,Kentucky,0.00023007987
North Carolina,Kansas,0.00023007987
North Carolina,Michigan,0.00023007987
Alabama,Providence,0.00023007987
Connecticut,Rider,0.00023007987
Florida,James Madison,0.00023007987
G Washington,UAB,0.00023007987
Kansas,Chattanooga,0.00023007987
Maryland,St Louis,0.00023007987
Massachusetts,Texas St,0.00023007987
Michigan,Pepperdine,0.00023007987
Missouri,Navy,0.00023007987
Penn,Nebraska,0.00023007987
Purdue,UCF,0.00023007987
Syracuse,Hawaii,0.00023007987
Texas,WKU,0.00023007987
Wake Forest,Col Charleston,0.00023007987
WI Green Bay,California,0.00023007987
Wisconsin,Cincinnati,0.00023007987
Arizona,Loyola MD,0.00023007987
Arkansas,NC A&T,0.00023007987
Boston College,Washington St,0.00023007987
Duke,TX Southern,0.00023007987
Georgetown,Illinois,0.00023007987
Indiana,Ohio,0.00023007987
Kentucky,Tennessee St,0.00023007987
Louisville,Boise St,0.00023007987
Marquette,Louisiana,0.00023007987
Michigan St,Seton Hall,0.00023007987
Minnesota,S Illinois,0.00023007987
North Carolina,Liberty,0.00023007987
Oklahoma St,New Mexico St,0.00023007987
Temple,Drexel,0.00023007987
Tulsa,UCLA,0.00023007987
Virginia,New Mexico,0.00023007987
Connecticut,G Washington,0.00023007987
Florida,Penn,0.00023007987
Kansas,Wake Forest,0.00023007987
Maryland,Massachusetts,0.00023007987
Michigan,Texas,0.00023007987
Missouri,Wisconsin,0.00023007987
Purdue,Alabama,0.00023007987
Syracuse,WI Green Bay,0.00023007987
Arizona,Virginia,0.00023007987
Arkansas,Georgetown,0.00023007987
Boston College,North Carolina,0.00023007987
Duke,Michigan St,0.00023007987
Indiana,Temple,0.00023007987
Louisville,Minnesota,0.00023007987
Marquette,Kentucky,0.00023007987
Tulsa,Oklahoma St,0.00023007987
Arizona,Louisville,0.00023007987
Duke,Marquette,0.00023007987
Missouri,Syracuse,0.00023007987
Purdue,Kansas,0.00023007987
Arkansas,Tulsa,0.00023007987
Boston College,Indiana,0.00023007987
Florida,Connecticut,0.00023007987
Michigan,Maryland,0.00023007987
Arizona,Missouri,0.00023007987
Duke,Purdue,0.00023007987
Arkansas,Michigan,0.00023007987
Florida,Boston College,0.00023007987
Arkansas,Arizona,0.00023007987
Duke,Florida,0.00023007987
Arkansas,Duke,0.00023007987
Alabama,Penn,0.00023007987
Arizona St,Ball St,0.00023007987
Cincinnati,Temple,0.00023007987
Connecticut,Chattanooga,0.00023007987
Kansas,Colgate,0.00023007987
Kentucky,Mt St Mary's,0.00023007987
Manhattan,Oklahoma,0.00023007987
Maryland,Gonzaga,0.00023007987
Miami OH,Arizona,0.00023007987
Oklahoma St,Drexel,0.00023007987
St Louis,Minnesota,0.00023007987
Texas,Oregon,0.00023007987
Tulane,BYU,0.00023007987
Virginia,Nicholls St,0.00023007987
WKU,Michigan,0.00023007987
Wake Forest,NC A&T,0.00023007987
Arkansas,TX Southern,0.00023007987
Georgetown,Xavier,0.00023007987
Iowa St,Florida,0.00023007987
Massachusetts,St Peter's,0.00023007987
Memphis,Louisville,0.00023007987
Mississippi St,Santa Clara,0.00023007987
Missouri,Indiana,0.00023007987
North Carolina,Murray St,0.00023007987
Old Dominion,Villanova,0.00023007987
Purdue,WI Green Bay,0.00023007987
Stanford,Charlotte,0.00023007987
Syracuse,S Illinois,0.00023007987
Tulsa,Illinois,0.00023007987
UCLA,Florida Intl,0.00023007987
Utah,Long Beach St,0.00023007987
Weber St,Michigan St,0.00023007987
Arizona St,Manhattan,0.00023007987
Connecticut,Cincinnati,0.00023007987
Kansas,WKU,0.00023007987
Kentucky,Tulane,0.00023007987
Maryland,Texas,0.00023007987
Oklahoma St,Alabama,0.00023007987
Virginia,Miami OH,0.00023007987
Wake Forest,St Louis,0.00023007987
Arkansas,Syracuse,0.00023007987
Georgetown,Weber St,0.00023007987
Massachusetts,Stanford,0.00023007987
Memphis,Purdue,0.00023007987
Mississippi St,Utah,0.00023007987
North Carolina,Iowa St,0.00023007987
Tulsa,Old Dominion,0.00023007987
UCLA,Missouri,0.00023007987
Connecticut,Maryland,0.00023007987
Kentucky,Arizona St,0.00023007987
North Carolina,Georgetown,0.00023007987
UCLA,Mississippi St,0.00023007987
Arkansas,Memphis,0.00023007987
Massachusetts,Tulsa,0.00023007987
Oklahoma St,Wake Forest,0.00023007987
Virginia,Kansas,0.00023007987
North Carolina,Kentucky,0.00023007987
UCLA,Connecticut,0.00023007987
Arkansas,Virginia,0.00023007987
Oklahoma St,Massachusetts,0.00023007987
Arkansas,North Carolina,0.00023007987
UCLA,Oklahoma St,0.00023007987
UCLA,Arkansas,0.00023007987
Arkansas,Penn St,0.00023007987
Connecticut,Colgate,0.00023007987
Drexel,Memphis,0.00023007987
E Michigan,Duke,0.00023007987
Georgia,Clemson,0.00023007987
Iowa St,California,0.00023007987
Kentucky,San Jose St,0.00023007987
Marquette,Monmouth NJ,0.00023007987
Massachusetts,UCF,0.00023007987
Mississippi St,VCU,0.00023007987
Princeton,UCLA,0.00023007987
Purdue,W Carolina,0.00023007987
Stanford,Bradley,0.00023007987
Syracuse,Montana St,0.00023007987
Utah,Canisius,0.00023007987
Virginia Tech,WI Green Bay,0.00023007987
Arizona,Valparaiso,0.00023007987
Boston College,Indiana,0.00023007987
Cincinnati,UNC Greensboro,0.00023007987
Georgetown,MS Valley St,0.00023007987
Georgia Tech,Austin Peay,0.00023007987
Iowa,G Washington,0.00023007987
Kansas,S Carolina St,0.00023007987
Louisville,Tulsa,0.00023007987
New Mexico,Kansas St,0.00023007987
North Carolina,New Orleans,0.00023007987
Santa Clara,Maryland,0.00023007987
Temple,Oklahoma,0.00023007987
Texas,Michigan,0.00023007987
Texas Tech,N Illinois,0.00023007987
Villanova,Portland,0.00023007987
Wake Forest,ULM,0.00023007987
Arkansas,Marquette,0.00023007987
Connecticut,E Michigan,0.00023007987
Georgia,Purdue,0.00023007987
Kentucky,Virginia Tech,0.00023007987
Massachusetts,Stanford,0.00023007987
Mississippi St,Princeton,0.00023007987
Syracuse,Drexel,0.00023007987
Utah,Iowa St,0.00023007987
Arizona,Iowa,0.00023007987
Cincinnati,Temple,0.00023007987
Georgetown,New Mexico,0.00023007987
Georgia Tech,Boston College,0.00023007987
Kansas,Santa Clara,0.00023007987
Louisville,Villanova,0.00023007987
Texas Tech,North Carolina,0.00023007987
Wake Forest,Texas,0.00023007987
Georgetown,Texas Tech,0.00023007987
Kentucky,Utah,0.00023007987
Massachusetts,Arkansas,0.00023007987
Wake Forest,Louisville,0.00023007987
Cincinnati,Georgia Tech,0.00023007987
Kansas,Arizona,0.00023007987
Mississippi St,Connecticut,0.00023007987
Syracuse,Georgia,0.00023007987
Kentucky,Wake Forest,0.00023007987
Massachusetts,Georgetown,0.00023007987
Mississippi St,Cincinnati,0.00023007987
Syracuse,Kansas,0.00023007987
Kentucky,Massachusetts,0.00023007987
Syracuse,Mississippi St,0.00023007987
Kentucky,Syracuse,0.00023007987
Arizona,South Alabama,0.00023007987
Boston College,Valparaiso,0.00023007987
California,Princeton,0.00023007987
Cincinnati,Butler,0.00023007987
Col Charleston,Maryland,0.00023007987
Colorado,Indiana,0.00023007987
Iowa,Virginia,0.00023007987
Iowa St,Illinois St,0.00023007987
Kansas,Jackson St,0.00023007987
Kentucky,Montana,0.00023007987
North Carolina,Fairfield,0.00023007987
Purdue,Rhode Island,0.00023007987
St Joseph's PA,Pacific,0.00023007987
UCLA,Charleston So,0.00023007987
Villanova,LIU Brooklyn,0.00023007987
Xavier,Vanderbilt,0.00023007987
Charlotte,Georgetown,0.00023007987
Chattanooga,Georgia,0.00023007987
Clemson,Miami OH,0.00023007987
Coppin St,South Carolina,0.00023007987
Duke,Murray St,0.00023007987
Illinois,USC,0.00023007987
Louisville,Massachusetts,0.00023007987
Minnesota,Texas St,0.00023007987
New Mexico,Old Dominion,0.00023007987
Providence,Marquette,0.00023007987
Stanford,Oklahoma,0.00023007987
Temple,Mississippi,0.00023007987
Texas,Wisconsin,0.00023007987
Tulsa,Boston Univ,0.00023007987
Utah,Navy,0.00023007987
Wake Forest,St Mary's CA,0.00023007987
Arizona,Col Charleston,0.00023007987
California,Villanova,0.00023007987
Iowa St,Cincinnati,0.00023007987
Kansas,Purdue,0.00023007987
Kentucky,Iowa,0.00023007987
North Carolina,Colorado,0.00023007987
St Joseph's PA,Boston College,0.00023007987
UCLA,Xavier,0.00023007987
Chattanooga,Illinois,0.00023007987
Clemson,Tulsa,0.00023007987
Louisville,New Mexico,0.00023007987
Minnesota,Temple,0.00023007987
Providence,Duke,0.00023007987
Stanford,Wake Forest,0.00023007987
Texas,Coppin St,0.00023007987
Utah,Charlotte,0.00023007987
Kentucky,St Joseph's PA,0.00023007987
Minnesota,Clemson,0.00023007987
UCLA,Iowa St,0.00023007987
Utah,Stanford,0.00023007987
Arizona,Kansas,0.00023007987
Louisville,Texas,0.00023007987
North Carolina,California,0.00023007987
Providence,Chattanooga,0.00023007987
Kentucky,Utah,0.00023007987
Minnesota,UCLA,0.00023007987
Arizona,Providence,0.00023007987
North Carolina,Louisville,0.00023007987
Arizona,North Carolina,0.00023007987
Kentucky,Minnesota,0.00023007987
Arizona,Kentucky,0.00023007987
Arizona,Nicholls St,0.00023007987
Arkansas,Nebraska,0.00023007987
Charlotte,IL Chicago,0.00023007987
Cincinnati,Northern Arizona,0.00023007987
Connecticut,F Dickinson,0.00023007987
Illinois,South Alabama,0.00023007987
Illinois St,Tennessee,0.00023007987
Indiana,Oklahoma,0.00023007987
Maryland,Utah St,0.00023007987
Michigan St,E Michigan,0.00023007987
North Carolina,Navy,0.00023007987
Princeton,UNLV,0.00023007987
Richmond,South Carolina,0.00023007987
Utah,San Francisco,0.00023007987
Washington,Xavier,0.00023007987
West Virginia,Temple,0.00023007987
Detroit,St John's,0.00023007987
Duke,Radford,0.00023007987
Florida St,TCU,0.00023007987
Kansas,Prairie View,0.00023007987
Kentucky,S Carolina St,0.00023007987
Michigan,Davidson,0.00023007987
New Mexico,Butler,0.00023007987
Oklahoma St,G Washington,0.00023007987
Purdue,Delaware,0.00023007987
Rhode Island,Murray St,0.00023007987
St Louis,Massachusetts,0.00023007987
Stanford,Col Charleston,0.00023007987
Syracuse,Iona,0.00023007987
UCLA,Miami FL,0.00023007987
Valparaiso,Mississippi,0.00023007987
W Michigan,Clemson,0.00023007987
Arizona,Illinois St,0.00023007987
Connecticut,Indiana,0.00023007987
Maryland,Illinois,0.00023007987
Michigan St,Princeton,0.00023007987
North Carolina,Charlotte,0.00023007987
Utah,Arkansas,0.00023007987
Washington,Richmond,0.00023007987
West Virginia,Cincinnati,0.00023007987
Duke,Oklahoma St,0.00023007987
Kentucky,St Louis,0.00023007987
Purdue,Detroit,0.00023007987
Rhode Island,Kansas,0.00023007987
Stanford,W Michigan,0.00023007987
Syracuse,New Mexico,0.00023007987
UCLA,Michigan,0.00023007987
Valparaiso,Florida St,0.00023007987
Arizona,Maryland,0.00023007987
Connecticut,Washington,0.00023007987
North Carolina,Michigan St,0.00023007987
Utah,West Virginia,0.00023007987
Duke,Syracuse,0.00023007987
Kentucky,UCLA,0.00023007987
Rhode Island,Valparaiso,0.00023007987
Stanford,Purdue,0.00023007987
North Carolina,Connecticut,0.00023007987
Utah,Arizona,0.00023007987
Kentucky,Duke,0.00023007987
Stanford,Rhode Island,0.00023007987
Kentucky,Stanford,0.00023007987
Utah,North Carolina,0.00023007987
Kentucky,Utah,0.00023007987
Arkansas,Siena,0.00023007987
Auburn,Winthrop,0.00023007987
Connecticut,UT San Antonio,0.00023007987
Creighton,Louisville,0.00023007987
Detroit,UCLA,0.00023007987
Florida,Penn,0.00023007987
Gonzaga,Minnesota,0.00023007987
Indiana,G Washington,0.00023007987
Iowa,UAB,0.00023007987
Maryland,Valparaiso,0.00023007987
New Mexico,Missouri,0.00023007987
Ohio St,Murray St,0.00023007987
Oklahoma St,Syracuse,0.00023007987
St John's,Samford,0.00023007987
Stanford,Alcorn St,0.00023007987
Weber St,North Carolina,0.00023007987
Charlotte,Rhode Island,0.00023007987
Cincinnati,George Mason,0.00023007987
Duke,Florida A&M,0.00023007987
Kansas,Evansville,0.00023007987
Kentucky,New Mexico St,0.00023007987
Miami FL,Lafayette,0.00023007987
Miami OH,Washington,0.00023007987
Michigan St,Mt St Mary's,0.00023007987
Mississippi,Villanova,0.00023007987
Missouri St,Wisconsin,0.00023007987
Oklahoma,Arizona,0.00023007987
Purdue,Texas,0.00023007987
Temple,Kent,0.00023007987
Tennessee,Delaware,0.00023007987
Tulsa,Col Charleston,0.00023007987
Utah,Arkansas St,0.00023007987
Auburn,Oklahoma St,0.00023007987
Connecticut,New Mexico,0.00023007987
Florida,Weber St,0.00023007987
Gonzaga,Stanford,0.00023007987
Iowa,Arkansas,0.00023007987
Maryland,Creighton,0.00023007987
Ohio St,Detroit,0.00023007987
St John's,Indiana,0.00023007987
Duke,Tulsa,0.00023007987
Kentucky,Kansas,0.00023007987
Miami OH,Utah,0.00023007987
Michigan St,Mississippi,0.00023007987
Missouri St,Tennessee,0.00023007987
Oklahoma,Charlotte,0.00023007987
Purdue,Miami FL,0.00023007987
Temple,Cincinnati,0.00023007987
Connecticut,Iowa,0.00023007987
Gonzaga,Florida,0.00023007987
Ohio St,Auburn,0.00023007987
St John's,Maryland,0.00023007987
Duke,Missouri St,0.00023007987
Kentucky,Miami OH,0.00023007987
Michigan St,Oklahoma,0.00023007987
Temple,Purdue,0.00023007987
Connecticut,Gonzaga,0.00023007987
Ohio St,St John's,0.00023007987
Duke,Temple,0.00023007987
Michigan St,Kentucky,0.00023007987
Connecticut,Ohio St,0.00023007987
Duke,Michigan St,0.00023007987
Connecticut,Duke,0.00023007987
Arizona,Jackson St,0.00023007987
Auburn,Creighton,0.00023007987
Gonzaga,Louisville,0.00023007987
Iowa St,Central Conn,0.00023007987
Kentucky,St Bonaventure,0.00023007987
LSU,SE Missouri St,0.00023007987
Maryland,Iona,0.00023007987
Michigan St,Valparaiso,0.00023007987
Oklahoma,Winthrop,0.00023007987
Purdue,Dayton,0.00023007987
St John's,Northern Arizona,0.00023007987
Syracuse,Samford,0.00023007987
Texas,Indiana St,0.00023007987
UCLA,Ball St,0.00023007987
Utah,St Louis,0.00023007987
Wisconsin,Fresno St,0.00023007987
Cincinnati,UNC Wilmington,0.00023007987
Connecticut,Utah St,0.00023007987
Duke,Lamar,0.00023007987
Florida,Butler,0.00023007987
Illinois,Penn,0.00023007987
Kansas,DePaul,0.00023007987
Miami FL,Arkansas,0.00023007987
North Carolina,Missouri,0.00023007987
Ohio St,Appalachian St,0.00023007987
Oklahoma St,Hofstra,0.00023007987
Pepperdine,Indiana,0.00023007987
Seton Hall,Oregon,0.00023007987
Stanford,S Carolina St,0.00023007987
Temple,Lafayette,0.00023007987
Tennessee,Louisiana,0.00023007987
Tulsa,UNLV,0.00023007987
Gonzaga,St John's,0.00023007987
Iowa St,Auburn,0.00023007987
LSU,Texas,0.00023007987
Michigan St,Utah,0.00023007987
Purdue,Oklahoma,0.00023007987
Syracuse,Kentucky,0.00023007987
UCLA,Maryland,0.00023007987
Wisconsin,Arizona,0.00023007987
Duke,Kansas,0.00023007987
Florida,Illinois,0.00023007987
Miami FL,Ohio St,0.00023007987
North Carolina,Stanford,0.00023007987
Oklahoma St,Pepperdine,0.00023007987
Seton Hall,Temple,0.00023007987
Tennessee,Connecticut,0.00023007987
Tulsa,Cincinnati,0.00023007987
Iowa St,UCLA,0.00023007987
Michigan St,Syracuse,0.00023007987
Purdue,Gonzaga,0.00023007987
Wisconsin,LSU,0.00023007987
Florida,Duke,0.00023007987
North Carolina,Tennessee,0.00023007987
Oklahoma St,Seton Hall,0.00023007987
Tulsa,Miami FL,0.00023007987
Michigan St,Iowa St,0.00023007987
Wisconsin,Purdue,0.00023007987
Florida,Oklahoma St,0.00023007987
North Carolina,Tulsa,0.00023007987
Florida,North Carolina,0.00023007987
Michigan St,Wisconsin,0.00023007987
Michigan St,Florida,0.00023007987
Northwestern LA,Winthrop,0.00023007987
Boston College,Southern Utah,0.00023007987
Cincinnati,BYU,0.00023007987
Duke,Monmouth NJ,0.00023007987
Georgetown,Arkansas,0.00023007987
Georgia St,Wisconsin,0.00023007987
Hampton,Iowa St,0.00023007987
Iowa,Creighton,0.00023007987
Kent,Indiana,0.00023007987
Kentucky,Holy Cross,0.00023007987
Maryland,George Mason,0.00023007987
Missouri,Georgia,0.00023007987
St Joseph's PA,Georgia Tech,0.00023007987
Stanford,UNC Greensboro,0.00023007987
UCLA,Hofstra,0.00023007987
USC,Oklahoma St,0.00023007987
Utah St,Ohio St,0.00023007987
Arizona,E Illinois,0.00023007987
Butler,Wake Forest,0.00023007987
Charlotte,Tennessee,0.00023007987
Florida,WKU,0.00023007987
Fresno St,California,0.00023007987
Gonzaga,Virginia,0.00023007987
Illinois,Northwestern LA,0.00023007987
Indiana St,Oklahoma,0.00023007987
Kansas,CS Northridge,0.00023007987
Michigan St,Alabama St,0.00023007987
Mississippi,Iona,0.00023007987
North Carolina,Princeton,0.00023007987
Notre Dame,Xavier,0.00023007987
Penn St,Providence,0.00023007987
Syracuse,Hawaii,0.00023007987
Temple,Texas,0.00023007987
Cincinnati,Kent,0.00023007987
Duke,Missouri,0.00023007987
Georgetown,Hampton,0.00023007987
Kentucky,Iowa,0.00023007987
Maryland,Georgia St,0.00023007987
Stanford,St Joseph's PA,0.00023007987
UCLA,Utah St,0.00023007987
USC,Boston College,0.00023007987
Arizona,Butler,0.00023007987
Gonzaga,Indiana St,0.00023007987
Illinois,Charlotte,0.00023007987
Kansas,Syracuse,0.00023007987
Michigan St,Fresno St,0.00023007987
Mississippi,Notre Dame,0.00023007987
Penn St,North Carolina,0.00023007987
Temple,Florida,0.00023007987
Duke,UCLA,0.00023007987
Maryland,Georgetown,0.00023007987
Stanford,Cincinnati,0.00023007987
USC,Kentucky,0.00023007987
Arizona,Mississippi,0.00023007987
Illinois,Kansas,0.00023007987
Michigan St,Gonzaga,0.00023007987
Temple,Penn St,0.00023007987
Duke,USC,0.00023007987
Maryland,Stanford,0.00023007987
Arizona,Illinois,0.00023007987
Michigan St,Temple,0.00023007987
Arizona,Michigan St,0.00023007987
Duke,Maryland,0.00023007987
Duke,Arizona,0.00023007987
Siena,Alcorn St,0.00023007987
Alabama,FL Atlantic,0.00023007987
Arizona,UC Santa Barbara,0.00023007987
Duke,Winthrop,0.00023007987
Indiana,Utah,0.00023007987
Kansas,Holy Cross,0.00023007987
Kent,Oklahoma St,0.00023007987
Kentucky,Valparaiso,0.00023007987
Missouri,Miami FL,0.00023007987
Notre Dame,Charlotte,0.00023007987
Ohio St,Davidson,0.00023007987
Oregon,Montana,0.00023007987
Stanford,WKU,0.00023007987
Tulsa,Marquette,0.00023007987
UNC Wilmington,USC,0.00023007987
Wake Forest,Pepperdine,0.00023007987
Wyoming,Gonzaga,0.00023007987
California,Penn,0.00023007987
Cincinnati,Boston Univ,0.00023007987
Connecticut,Hampton,0.00023007987
Creighton,Florida,0.00023007987
Georgia,Murray St,0.00023007987
Illinois,San Diego St,0.00023007987
Maryland,Siena,0.00023007987
Mississippi St,McNeese St,0.00023007987
NC State,Michigan St,0.00023007987
Oklahoma,IL Chicago,0.00023007987
Pittsburgh,Central Conn,0.00023007987
S Illinois,Texas Tech,0.00023007987
Texas,Boston College,0.00023007987
UCLA,Mississippi,0.00023007987
Wisconsin,St John's,0.00023007987
Xavier,Hawaii,0.00023007987
Arizona,Wyoming,0.00023007987
Duke,Notre Dame,0.00023007987
Indiana,UNC Wilmington,0.00023007987
Kansas,Stanford,0.00023007987
Kent,Alabama,0.00023007987
Kentucky,Tulsa,0.00023007987
Missouri,Ohio St,0.00023007987
Oregon,Wake Forest,0.00023007987
Connecticut,NC State,0.00023007987
Illinois,Creighton,0.00023007987
Maryland,Wisconsin,0.00023007987
Oklahoma,Xavier,0.00023007987
Pittsburgh,California,0.00023007987
S Illinois,Georgia,0.00023007987
Texas,Mississippi St,0.00023007987
UCLA,Cincinnati,0.00023007987
Indiana,Duke,0.00023007987
Kent,Pittsburgh,0.00023007987
Missouri,UCLA,0.00023007987
Oklahoma,Arizona,0.00023007987
Connecticut,S Illinois,0.00023007987
Kansas,Illinois,0.00023007987
Maryland,Kentucky,0.00023007987
Oregon,Texas,0.00023007987
Indiana,Kent,0.00023007987
Oklahoma,Missouri,0.00023007987
Kansas,Oregon,0.00023007987
Maryland,Connecticut,0.00023007987
Indiana,Oklahoma,0.00023007987
Maryland,Kansas,0.00023007987
Maryland,Indiana,0.00023007987
UNC Asheville,TX Southern,0.00023007987
Arizona,Vermont,0.00023007987
Arizona St,Memphis,0.00023007987
C Michigan,Creighton,0.00023007987
California,NC State,0.00023007987
Connecticut,BYU,0.00023007987
Duke,Colorado St,0.00023007987
Gonzaga,Cincinnati,0.00023007987
Illinois,WKU,0.00023007987
Kansas,Utah St,0.00023007987
Marquette,Holy Cross,0.00023007987
Missouri,S Illinois,0.00023007987
Notre Dame,WI Milwaukee,0.00023007987
Oklahoma,S Carolina St,0.00023007987
Stanford,San Diego,0.00023007987
Tulsa,Dayton,0.00023007987
Wisconsin,Weber St,0.00023007987
Auburn,St Joseph's PA,0.00023007987
Butler,Mississippi St,0.00023007987
Florida,Sam Houston St,0.00023007987
Indiana,Alabama,0.00023007987
Kentucky,IUPUI,0.00023007987
Louisville,Austin Peay,0.00023007987
Maryland,UNC Wilmington,0.00023007987
Michigan St,Colorado,0.00023007987
Oklahoma St,Penn,0.00023007987
Pittsburgh,Wagner,0.00023007987
Purdue,LSU,0.00023007987
Syracuse,Manhattan,0.00023007987
Texas,UNC Asheville,0.00023007987
Utah,Oregon,0.00023007987
Wake Forest,ETSU,0.00023007987
Xavier,Troy,0.00023007987
Arizona,Gonzaga,0.00023007987
Connecticut,Stanford,0.00023007987
Duke,C Michigan,0.00023007987
Kansas,Arizona St,0.00023007987
Marquette,Missouri,0.00023007987
Notre Dame,Illinois,0.00023007987
Oklahoma,California,0.00023007987
Wisconsin,Tulsa,0.00023007987
Auburn,Wake Forest,0.00023007987
Butler,Louisville,0.00023007987
Kentucky,Utah,0.00023007987
Maryland,Xavier,0.00023007987
Michigan St,Florida,0.00023007987
Pittsburgh,Indiana,0.00023007987
Syracuse,Oklahoma St,0.00023007987
Texas,Purdue,0.00023007987
Arizona,Notre Dame,0.00023007987
Kansas,Duke,0.00023007987
Kentucky,Wisconsin,0.00023007987
Marquette,Pittsburgh,0.00023007987
Michigan St,Maryland,0.00023007987
Oklahoma,Butler,0.00023007987
Syracuse,Auburn,0.00023007987
Texas,Connecticut,0.00023007987
Kansas,Arizona,0.00023007987
Marquette,Kentucky,0.00023007987
Syracuse,Oklahoma,0.00023007987
Texas,Michigan St,0.00023007987
Kansas,Marquette,0.00023007987
Syracuse,Texas,0.00023007987
Syracuse,Kansas,0.00023007987
Florida A&M,Lehigh,0.00023007987
Alabama,S Illinois,0.00023007987
Connecticut,Vermont,0.00023007987
DePaul,Dayton,0.00023007987
Duke,Alabama St,0.00023007987
Gonzaga,Valparaiso,0.00023007987
Manhattan,Florida,0.00023007987
Maryland,UTEP,0.00023007987
Nevada,Michigan St,0.00023007987
North Carolina,Air Force,0.00023007987
Seton Hall,Arizona,0.00023007987
St Joseph's PA,Liberty,0.00023007987
Stanford,UT San Antonio,0.00023007987
Syracuse,BYU,0.00023007987
Texas,Princeton,0.00023007987
Texas Tech,Charlotte,0.00023007987
Wake Forest,VCU,0.00023007987
Boston College,Utah,0.00023007987
Cincinnati,ETSU,0.00023007987
Georgia Tech,Northern Iowa,0.00023007987
Illinois,Murray St,0.00023007987
Kansas,IL Chicago,0.00023007987
Kentucky,Florida A&M,0.00023007987
Memphis,South Carolina,0.00023007987
Mississippi St,Monmouth NJ,0.00023007987
NC State,Louisiana,0.00023007987
Oklahoma St,E Washington,0.00023007987
Pacific,Providence,0.00023007987
Pittsburgh,UCF,0.00023007987
UAB,Washington,0.00023007987
Vanderbilt,W Michigan,0.00023007987
Wisconsin,Richmond,0.00023007987
Xavier,Louisville,0.00023007987
Alabama,Stanford,0.00023007987
Connecticut,DePaul,0.00023007987
Duke,Seton Hall,0.00023007987
Nevada,Gonzaga,0.00023007987
St Joseph's PA,Texas Tech,0.00023007987
Syracuse,Maryland,0.00023007987
Texas,North Carolina,0.00023007987
Wake Forest,Manhattan,0.00023007987
Georgia Tech,Boston College,0.00023007987
Illinois,Cincinnati,0.00023007987
Kansas,Pacific,0.00023007987
Oklahoma St,Memphis,0.00023007987
Pittsburgh,Wisconsin,0.00023007987
UAB,Kentucky,0.00023007987
Vanderbilt,NC State,0.00023007987
Xavier,Mississippi St,0.00023007987
Alabama,Syracuse,0.00023007987
Connecticut,Vanderbilt,0.00023007987
Oklahoma St,Pittsburgh,0.00023007987
St Joseph's PA,Wake Forest,0.00023007987
Duke,Illinois,0.00023007987
Georgia Tech,Nevada,0.00023007987
Kansas,UAB,0.00023007987
Xavier,Texas,0.00023007987
Connecticut,Alabama,0.00023007987
Oklahoma St,St Joseph's PA,0.00023007987
Duke,Xavier,0.00023007987
Georgia Tech,Kansas,0.00023007987
Connecticut,Duke,0.00023007987
Georgia Tech,Oklahoma St,0.00023007987
Connecticut,Georgia Tech,0.00023007987
Oakland,Alabama A&M,0.00023007987
Arizona,Utah St,0.00023007987
Boston College,Penn,0.00023007987
Cincinnati,Iowa,0.00023007987
Gonzaga,Winthrop,0.00023007987
Illinois,F Dickinson,0.00023007987
Kentucky,E Kentucky,0.00023007987
Nevada,Texas,0.00023007987
Oklahoma,Niagara,0.00023007987
Pacific,Pittsburgh,0.00023007987
Texas Tech,UCLA,0.00023007987
UAB,LSU,0.00023007987
Utah,UTEP,0.00023007987
Wake Forest,Chattanooga,0.00023007987
Washington,Montana,0.00023007987
West Virginia,Creighton,0.00023007987
WI Milwaukee,Alabama,0.00023007987
Bucknell,Kansas,0.00023007987
Connecticut,UCF,0.00023007987
Duke,Delaware St,0.00023007987
Florida,Ohio,0.00023007987
Georgia Tech,G Washington,0.00023007987
Iowa St,Minnesota,0.00023007987
Louisville,Louisiana,0.00023007987
Michigan St,Old Dominion,0.00023007987
Mississippi St,Stanford,0.00023007987
NC State,Charlotte,0.00023007987
North Carolina,Oakland,0.00023007987
Oklahoma St,SE Louisiana,0.00023007987
S Illinois,St Mary's CA,0.00023007987
Vermont,Syracuse,0.00023007987
Villanova,New Mexico,0.00023007987
Wisconsin,Northern Iowa,0.00023007987
Arizona,UAB,0.00023007987
Illinois,Nevada,0.00023007987
Kentucky,Cincinnati,0.00023007987
Texas Tech,Gonzaga,0.00023007987
Utah,Oklahoma,0.00023007987
Washington,Pacific,0.00023007987
West Virginia,Wake Forest,0.00023007987
WI Milwaukee,Boston College,0.00023007987
Duke,Mississippi St,0.00023007987
Louisville,Georgia Tech,0.00023007987
Michigan St,Vermont,0.00023007987
NC State,Connecticut,0.00023007987
North Carolina,Iowa St,0.00023007987
Oklahoma St,S Illinois,0.00023007987
Villanova,Florida,0.00023007987
Wisconsin,Bucknell,0.00023007987
Arizona,Oklahoma St,0.00023007987
Illinois,WI Milwaukee,0.00023007987
Louisville,Washington,0.00023007987
West Virginia,Texas Tech,0.00023007987
Kentucky,Utah,0.00023007987
Michigan St,Duke,0.00023007987
North Carolina,Villanova,0.00023007987
Wisconsin,NC State,0.00023007987
Illinois,Arizona,0.00023007987
Louisville,West Virginia,0.00023007987
Michigan St,Kentucky,0.00023007987
North Carolina,Wisconsin,0.00023007987
Illinois,Louisville,0.00023007987
North Carolina,Michigan St,0.00023007987
North Carolina,Illinois,0.00023007987
Monmouth NJ,Hampton,0.00023007987
Alabama,Marquette,0.00023007987
Boston College,Pacific,0.00023007987
Duke,Southern Univ,0.00023007987
Florida,South Alabama,0.00023007987
G Washington,UNC Wilmington,0.00023007987
Gonzaga,Xavier,0.00023007987
Illinois,Air Force,0.00023007987
Indiana,San Diego St,0.00023007987
LSU,Iona,0.00023007987
Montana,Nevada,0.00023007987
Tennessee,Winthrop,0.00023007987
Texas A&M,Syracuse,0.00023007987
UCLA,Belmont,0.00023007987
Washington,Utah St,0.00023007987
WI Milwaukee,Oklahoma,0.00023007987
Wichita St,Seton Hall,0.00023007987
Arizona,Wisconsin,0.00023007987
Bradley,Kansas,0.00023007987
Bucknell,Arkansas,0.00023007987
Connecticut,SUNY Albany,0.00023007987
George Mason,Michigan St,0.00023007987
Georgetown,Northern Iowa,0.00023007987
Kentucky,UAB,0.00023007987
Memphis,Oral Roberts,0.00023007987
NC State,California,0.00023007987
North Carolina,Murray St,0.00023007987
Northwestern LA,Iowa,0.00023007987
Ohio St,Davidson,0.00023007987
Pittsburgh,Kent,0.00023007987
Texas,Penn,0.00023007987
Villanova,Monmouth NJ,0.00023007987
West Virginia,S Illinois,0.00023007987
Boston College,Montana,0.00023007987
Duke,G Washington,0.00023007987
Florida,WI Milwaukee,0.00023007987
Gonzaga,Indiana,0.00023007987
LSU,Texas A&M,0.00023007987
UCLA,Alabama,0.00023007987
Washington,Illinois,0.00023007987
Wichita St,Tennessee,0.00023007987
Bradley,Pittsburgh,0.00023007987
Connecticut,Kentucky,0.00023007987
George Mason,North Carolina,0.00023007987
Georgetown,Ohio St,0.00023007987
Memphis,Bucknell,0.00023007987
Texas,NC State,0.00023007987
Villanova,Arizona,0.00023007987
West Virginia,Northwestern LA,0.00023007987
LSU,Duke,0.00023007987
Memphis,Bradley,0.00023007987
Texas,West Virginia,0.00023007987
UCLA,Gonzaga,0.00023007987
Connecticut,Washington,0.00023007987
Florida,Georgetown,0.00023007987
George Mason,Wichita St,0.00023007987
Villanova,Boston College,0.00023007987
LSU,Texas,0.00023007987
UCLA,Memphis,0.00023007987
Florida,Villanova,0.00023007987
George Mason,Connecticut,0.00023007987
Florida,George Mason,0.00023007987
UCLA,LSU,0.00023007987
Florida,UCLA,0.00023007987
Niagara,Florida A&M,0.00023007987
Boston College,Texas Tech,0.00023007987
Butler,Old Dominion,0.00023007987
Georgetown,Belmont,0.00023007987
Indiana,Gonzaga,0.00023007987
Louisville,Stanford,0.00023007987
Maryland,Davidson,0.00023007987
Michigan St,Marquette,0.00023007987
North Carolina,E Kentucky,0.00023007987
Ohio St,Central Conn,0.00023007987
Pittsburgh,Wright St,0.00023007987
Texas A&M,Penn,0.00023007987
UCLA,Weber St,0.00023007987
VCU,Duke,0.00023007987
Vanderbilt,G Washington,0.00023007987
Washington St,Oral Roberts,0.00023007987
Xavier,BYU,0.00023007987
Florida,Jackson St,0.00023007987
Kansas,Niagara,0.00023007987
Kentucky,Villanova,0.00023007987
Memphis,North Texas,0.00023007987
Nevada,Creighton,0.00023007987
Oregon,Miami OH,0.00023007987
Purdue,Arizona,0.00023007987
S Illinois,Holy Cross,0.00023007987
Tennessee,Long Beach St,0.00023007987
Texas,New Mexico St,0.00023007987
UNLV,Georgia Tech,0.00023007987
USC,Arkansas,0.00023007987
Virginia,SUNY Albany,0.00023007987
Virginia Tech,Illinois,0.00023007987
Winthrop,Notre Dame,0.00023007987
Wisconsin,TAM C. Christi,0.00023007987
Butler,Maryland,0.00023007987
Georgetown,Boston College,0.00023007987
North Carolina,Michigan St,0.00023007987
Ohio St,Xavier,0.00023007987
Pittsburgh,VCU,0.00023007987
Texas A&M,Louisville,0.00023007987
UCLA,Indiana,0.00023007987
Vanderbilt,Washington St,0.00023007987
Florida,Purdue,0.00023007987
Kansas,Kentucky,0.00023007987
Memphis,Nevada,0.00023007987
Oregon,Winthrop,0.00023007987
S Illinois,Virginia Tech,0.00023007987
Tennessee,Virginia,0.00023007987
UNLV,Wisconsin,0.00023007987
USC,Texas,0.00023007987
Kansas,S Illinois,0.00023007987
Memphis,Texas A&M,0.00023007987
Ohio St,Tennessee,0.00023007987
UCLA,Pittsburgh,0.00023007987
Florida,Butler,0.00023007987
Georgetown,Vanderbilt,0.00023007987
North Carolina,USC,0.00023007987
Oregon,UNLV,0.00023007987
Ohio St,Memphis,0.00023007987
UCLA,Kansas,0.00023007987
Florida,Oregon,0.00023007987
Georgetown,North Carolina,0.00023007987
Florida,UCLA,0.00023007987
Ohio St,Georgetown,0.00023007987
Florida,Ohio St,0.00023007987
Mt St Mary's,Coppin St,0.00023007987
Duke,Belmont,0.00023007987
Kansas,Portland St,0.00023007987
Kansas St,USC,0.00023007987
Marquette,Kentucky,0.00023007987
Michigan St,Temple,0.00023007987
Notre Dame,George Mason,0.00023007987
Pittsburgh,Oral Roberts,0.00023007987
Purdue,Baylor,0.00023007987
Stanford,Cornell,0.00023007987
Texas A&M,BYU,0.00023007987
UCLA,MS Valley St,0.00023007987
UNLV,Kent,0.00023007987
Washington St,Winthrop,0.00023007987
West Virginia,Arizona,0.00023007987
Wisconsin,CS Fullerton,0.00023007987
Xavier,Georgia,0.00023007987
Arkansas,Indiana,0.00023007987
Butler,South Alabama,0.00023007987
Davidson,Gonzaga,0.00023007987
Georgetown,UMBC,0.00023007987
Louisville,Boise St,0.00023007987
Memphis,UT Arlington,0.00023007987
Miami FL,St Mary's CA,0.00023007987
Mississippi St,Oregon,0.00023007987
North Carolina,Mt St Mary's,0.00023007987
Oklahoma,St Joseph's PA,0.00023007987
San Diego,Connecticut,0.00023007987
Siena,Vanderbilt,0.00023007987
Tennessee,American Univ,0.00023007987
Texas,Austin Peay,0.00023007987
Villanova,Clemson,0.00023007987
WKU,Drake,0.00023007987
Kansas,UNLV,0.00023007987
Michigan St,Pittsburgh,0.00023007987
Stanford,Marquette,0.00023007987
UCLA,Texas A&M,0.00023007987
Washington St,Notre Dame,0.00023007987
West Virginia,Duke,0.00023007987
Wisconsin,Kansas St,0.00023007987
Xavier,Purdue,0.00023007987
Davidson,Georgetown,0.00023007987
Louisville,Oklahoma,0.00023007987
Memphis,Mississippi St,0.00023007987
North Carolina,Arkansas,0.00023007987
Tennessee,Butler,0.00023007987
Texas,Miami FL,0.00023007987
Villanova,Siena,0.00023007987
WKU,San Diego,0.00023007987
Louisville,Tennessee,0.00023007987
North Carolina,Washington St,0.00023007987
UCLA,WKU,0.00023007987
Xavier,West Virginia,0.00023007987
Davidson,Wisconsin,0.00023007987
Kansas,Villanova,0.00023007987
Memphis,Michigan St,0.00023007987
Texas,Stanford,0.00023007987
North Carolina,Louisville,0.00023007987
UCLA,Xavier,0.00023007987
Kansas,Davidson,0.00023007987
Memphis,Texas,0.00023007987
Kansas,North Carolina,0.00023007987
Memphis,UCLA,0.00023007987
Kansas,Memphis,0.00023007987
Morehead St,Alabama St,0.00023007987
Connecticut,Chattanooga,0.00023007987
Duke,Binghamton,0.00023007987
Gonzaga,Akron,0.00023007987
LSU,Butler,0.00023007987
Maryland,California,0.00023007987
Memphis,CS Northridge,0.00023007987
Michigan,Clemson,0.00023007987
North Carolina,Radford,0.00023007987
Oklahoma,Morgan St,0.00023007987
Purdue,Northern Iowa,0.00023007987
Texas,Minnesota,0.00023007987
Texas A&M,BYU,0.00023007987
UCLA,VCU,0.00023007987
Villanova,American Univ,0.00023007987
WKU,Illinois,0.00023007987
Washington,Mississippi St,0.00023007987
Arizona,Utah,0.00023007987
Arizona St,Temple,0.00023007987
Cleveland St,Wake Forest,0.00023007987
Dayton,West Virginia,0.00023007987
Kansas,N Dakota St,0.00023007987
Louisville,Morehead St,0.00023007987
Marquette,Utah St,0.00023007987
Michigan St,Robert Morris,0.00023007987
Missouri,Cornell,0.00023007987
Oklahoma St,Tennessee,0.00023007987
Pittsburgh,ETSU,0.00023007987
Siena,Ohio St,0.00023007987
Syracuse,SF Austin,0.00023007987
USC,Boston College,0.00023007987
Wisconsin,Florida St,0.00023007987
Xavier,Portland St,0.00023007987
Connecticut,Texas A&M,0.00023007987
Duke,Texas,0.00023007987
Gonzaga,WKU,0.00023007987
Memphis,Maryland,0.00023007987
North Carolina,LSU,0.00023007987
Oklahoma,Michigan,0.00023007987
Purdue,Washington,0.00023007987
Villanova,UCLA,0.00023007987
Arizona,Cleveland St,0.00023007987
Kansas,Dayton,0.00023007987
Louisville,Siena,0.00023007987
Michigan St,USC,0.00023007987
Missouri,Marquette,0.00023007987
Pittsburgh,Oklahoma St,0.00023007987
Syracuse,Arizona St,0.00023007987
Xavier,Wisconsin,0.00023007987
Connecticut,Purdue,0.00023007987
Missouri,Memphis,0.00023007987
Pittsburgh,Xavier,0.00023007987
Villanova,Duke,0.00023007987
Louisville,Arizona,0.00023007987
Michigan St,Kansas,0.00023007987
North Carolina,Gonzaga,0.00023007987
Oklahoma,Syracuse,0.00023007987
Connecticut,Missouri,0.00023007987
Villanova,Pittsburgh,0.00023007987
Michigan St,Louisville,0.00023007987
North Carolina,Oklahoma,0.00023007987
Michigan St,Connecticut,0.00023007987
North Carolina,Villanova,0.00023007987
North Carolina,Michigan St,0.00023007987
Ark Pine Bluff,Winthrop,0.00023007987
Baylor,Sam Houston St,0.00023007987
Butler,UTEP,0.00023007987
BYU,Florida,0.00023007987
Kansas,Lehigh,0.00023007987
Kansas St,North Texas,0.00023007987
Kentucky,ETSU,0.00023007987
Murray St,Vanderbilt,0.00023007987
New Mexico,Montana,0.00023007987
Northern Iowa,UNLV,0.00023007987
Ohio,Georgetown,0.00023007987
Old Dominion,Notre Dame,0.00023007987
St Mary's CA,Richmond,0.00023007987
Tennessee,San Diego St,0.00023007987
Villanova,Robert Morris,0.00023007987
Wake Forest,Texas,0.00023007987
Washington,Marquette,0.00023007987
California,Louisville,0.00023007987
Cornell,Temple,0.00023007987
Duke,Ark Pine Bluff,0.00023007987
Georgia Tech,Oklahoma St,0.00023007987
Gonzaga,Florida St,0.00023007987
Maryland,Houston,0.00023007987
Michigan St,New Mexico St,0.00023007987
Missouri,Clemson,0.00023007987
Ohio St,UC Santa Barbara,0.00023007987
Pittsburgh,Oakland,0.00023007987
Purdue,Siena,0.00023007987
Syracuse,Vermont,0.00023007987
Texas A&M,Utah St,0.00023007987
West Virginia,Morgan St,0.00023007987
Wisconsin,Wofford,0.00023007987
Xavier,Minnesota,0.00023007987
Baylor,Old Dominion,0.00023007987
Butler,Murray St,0.00023007987
Kansas St,BYU,0.00023007987
Kentucky,Wake Forest,0.00023007987
Northern Iowa,Kansas,0.00023007987
St Mary's CA,Villanova,0.00023007987
Tennessee,Ohio,0.00023007987
Washington,New Mexico,0.00023007987
Cornell,Wisconsin,0.00023007987
Duke,California,0.00023007987
Michigan St,Maryland,0.00023007987
Ohio St,Georgia Tech,0.00023007987
Purdue,Texas A&M,0.00023007987
Syracuse,Gonzaga,0.00023007987
West Virginia,Missouri,0.00023007987
Xavier,Pittsburgh,0.00023007987
Butler,Syracuse,0.00023007987
Kansas St,Xavier,0.00023007987
Kentucky,Cornell,0.00023007987
West Virginia,Washington,0.00023007987
Baylor,St Mary's CA,0.00023007987
Duke,Purdue,0.00023007987
Michigan St,Northern Iowa,0.00023007987
Tennessee,Ohio St,0.00023007987
Butler,Kansas St,0.00023007987
West Virginia,Kentucky,0.00023007987
Duke,Baylor,0.00023007987
Michigan St,Tennessee,0.00023007987
Butler,Michigan St,0.00023007987
Duke,West Virginia,0.00023007987
Duke,Butler,0.00023007987
Clemson,UAB,0.00023007987
UNC Asheville,Ark Little Rock,0.00023007987
UT San Antonio,Alabama St,0.00023007987
VCU,USC,0.00023007987
Butler,Old Dominion,0.00023007987
BYU,Wofford,0.00023007987
Cincinnati,Missouri,0.00023007987
Connecticut,Bucknell,0.00023007987
Florida,UC Santa Barbara,0.00023007987
Gonzaga,St John's,0.00023007987
Kansas St,Utah St,0.00023007987
Kentucky,Princeton,0.00023007987
Morehead St,Louisville,0.00023007987
Pittsburgh,UNC Asheville,0.00023007987
Richmond,Vanderbilt,0.00023007987
San Diego St,N Colorado,0.00023007987
Temple,Penn St,0.00023007987
UCLA,Michigan St,0.00023007987
West Virginia,Clemson,0.00023007987
Wisconsin,Belmont,0.00023007987
Arizona,Memphis,0.00023007987
Duke,Hampton,0.00023007987
Florida St,Texas A&M,0.00023007987
George Mason,Villanova,0.00023007987
Illinois,UNLV,0.00023007987
Kansas,Boston Univ,0.00023007987
Marquette,Xavier,0.00023007987
Michigan,Tennessee,0.00023007987
North Carolina,LIU Brooklyn,0.00023007987
Notre Dame,Akron,0.00023007987
Ohio St,UT San Antonio,0.00023007987
Purdue,St Peter's,0.00023007987
Syracuse,Indiana St,0.00023007987
Texas,Oakland,0.00023007987
VCU,Georgetown,0.00023007987
Washington,Georgia,0.00023007987
Butler,Pittsburgh,0.00023007987
BYU,Gonzaga,0.00023007987
Connecticut,Cincinnati,0.00023007987
Florida,UCLA,0.00023007987
Kentucky,West Virginia,0.00023007987
Richmond,Morehead St,0.00023007987
San Diego St,Temple,0.00023007987
Wisconsin,Kansas St,0.00023007987
Arizona,Texas,0.00023007987
Duke,Michigan,0.00023007987
Florida St,Notre Dame,0.00023007987
Kansas,Illinois,0.00023007987
Marquette,Syracuse,0.00023007987
North Carolina,Washington,0.00023007987
Ohio St,George Mason,0.00023007987
VCU,Purdue,0.00023007987
Arizona,Duke,0.00023007987
Butler,Wisconsin,0.00023007987
Connecticut,San Diego St,0.00023007987
Florida,BYU,0.00023007987
Kansas,Richmond,0.00023007987
Kentucky,Ohio St,0.00023007987
North Carolina,Marquette,0.00023007987
VCU,Florida St,0.00023007987
Butler,Florida,0.00023007987
Connecticut,Arizona,0.00023007987
Kentucky,North Carolina,0.00023007987
VCU,Kansas,0.00023007987
Butler,VCU,0.00023007987
Connecticut,Kentucky,0.00023007987
Connecticut,Butler,0.00023007987
BYU,Iona,0.00023007987
WKU,MS Valley St,0.00023007987
South Florida,California,0.00023007987
Vermont,Lamar,0.00023007987
Baylor,S Dakota St,0.00023007987
Colorado,UNLV,0.00023007987
Gonzaga,West Virginia,0.00023007987
Indiana,New Mexico St,0.00023007987
Iowa St,Connecticut,0.00023007987
Kansas St,Southern Miss,0.00023007987
Kentucky,WKU,0.00023007987
Louisville,Davidson,0.00023007987
Marquette,BYU,0.00023007987
Murray St,Colorado St,0.00023007987
New Mexico,Long Beach St,0.00023007987
Ohio St,Loyola MD,0.00023007987
Syracuse,UNC Asheville,0.00023007987
VCU,Wichita St,0.00023007987
Vanderbilt,Harvard,0.00023007987
Wisconsin,Montana,0.00023007987
Cincinnati,Texas,0.00023007987
Creighton,Alabama,0.00023007987
Florida,Virginia,0.00023007987
Florida St,St Bonaventure,0.00023007987
Georgetown,Belmont,0.00023007987
Kansas,Detroit,0.00023007987
Lehigh,Duke,0.00023007987
Michigan St,LIU Brooklyn,0.00023007987
NC State,San Diego St,0.00023007987
Norfolk St,Missouri,0.00023007987
North Carolina,Vermont,0.00023007987
Ohio,Michigan,0.00023007987
Purdue,St Mary's CA,0.00023007987
South Florida,Temple,0.00023007987
St Louis,Memphis,0.00023007987
Xavier,Notre Dame,0.00023007987
Baylor,Colorado,0.00023007987
Indiana,VCU,0.00023007987
Kentucky,Iowa St,0.00023007987
Louisville,New Mexico,0.00023007987
Marquette,Murray St,0.00023007987
Ohio St,Gonzaga,0.00023007987
Syracuse,Kansas St,0.00023007987
Wisconsin,Vanderbilt,0.00023007987
Cincinnati,Florida St,0.00023007987
Florida,Norfolk St,0.00023007987
Kansas,Purdue,0.00023007987
Michigan St,St Louis,0.00023007987
NC State,Georgetown,0.00023007987
North Carolina,Creighton,0.00023007987
Ohio,South Florida,0.00023007987
Xavier,Lehigh,0.00023007987
Florida,Marquette,0.00023007987
Louisville,Michigan St,0.00023007987
Ohio St,Cincinnati,0.00023007987
Syracuse,Wisconsin,0.00023007987
Baylor,Xavier,0.00023007987
Kansas,NC State,0.00023007987
Kentucky,Indiana,0.00023007987
North Carolina,Ohio,0.00023007987
Louisville,Florida,0.00023007987
Ohio St,Syracuse,0.00023007987
Kansas,North Carolina,0.00023007987
Kentucky,Baylor,0.00023007987
Kansas,Ohio St,0.00023007987
Kentucky,Louisville,0.00023007987
Kentucky,Kansas,0.00023007987
NC A&T,Liberty,0.00023007987
St Mary's CA,MTSU,0.00023007987
James Madison,LIU Brooklyn,0.00023007987
La Salle,Boise St,0.00023007987
Arizona,Belmont,0.00023007987
Butler,Bucknell,0.00023007987
California,UNLV,0.00023007987
Colorado St,Missouri,0.00023007987
Gonzaga,Southern Univ,0.00023007987
Harvard,New Mexico,0.00023007987
Louisville,NC A&T,0.00023007987
Marquette,Davidson,0.00023007987
Memphis,St Mary's CA,0.00023007987
Michigan,S Dakota St,0.00023007987
Michigan St,Valparaiso,0.00023007987
Oregon,Oklahoma St,0.00023007987
St Louis,New Mexico St,0.00023007987
Syracuse,Montana,0.00023007987
VCU,Akron,0.00023007987
Wichita St,Pittsburgh,0.00023007987
Creighton,Cincinnati,0.00023007987
Duke,SUNY Albany,0.00023007987
FGCU,Georgetown,0.00023007987
Florida,Northwestern LA,0.00023007987
Illinois,Colorado,0.00023007987
Indiana,James Madison,0.00023007987
Iowa St,Notre Dame,0.00023007987
Kansas,WKU,0.00023007987
La Salle,Kansas St,0.00023007987
Miami FL,Pacific,0.00023007987
Minnesota,UCLA,0.00023007987
Mississippi,Wisconsin,0.00023007987
North Carolina,Villanova,0.00023007987
Ohio St,Iona,0.00023007987
San Diego St,Oklahoma,0.00023007987
Temple,NC State,0.00023007987
Arizona,Harvard,0.00023007987
Louisville,Colorado St,0.00023007987
Marquette,Butler,0.00023007987
Michigan,VCU,0.00023007987
Michigan St,Memphis,0.00023007987
Oregon,St Louis,0.00023007987
Syracuse,California,0.00023007987
Wichita St,Gonzaga,0.00023007987
Duke,Creighton,0.00023007987
FGCU,San Diego St,0.00023007987
Florida,Minnesota,0.00023007987
Indiana,Temple,0.00023007987
Kansas,North Carolina,0.00023007987
La Salle,Mississippi,0.00023007987
Miami FL,Illinois,0.00023007987
Ohio St,Iowa St,0.00023007987
Marquette,Miami FL,0.00023007987
Ohio St,Arizona,0.00023007987
Syracuse,Indiana,0.00023007987
Wichita St,La Salle,0.00023007987
Duke,Michigan St,0.00023007987
Florida,FGCU,0.00023007987
Louisville,Oregon,0.00023007987
Michigan,Kansas,0.00023007987
Syracuse,Marquette,0.00023007987
Wichita St,Ohio St,0.00023007987
Louisville,Duke,0.00023007987
Michigan,Florida,0.00023007987
Louisville,Wichita St,0.00023007987
Michigan,Syracuse,0.00023007987
Louisville,Michigan,0.00023007987
SUNY Albany,Mt St Mary's,0.00023007987
NC State,Xavier,0.00023007987
Cal Poly,TX Southern,0.00023007987
Tennessee,Iowa,0.00023007987
Connecticut,St Joseph's PA,0.00023007987
Dayton,Ohio St,0.00023007987
Florida,SUNY Albany,0.00023007987
Harvard,Cincinnati,0.00023007987
Louisville,Manhattan,0.00023007987
Michigan,Wofford,0.00023007987
Michigan St,Delaware,0.00023007987
N Dakota St,Oklahoma,0.00023007987
Oregon,BYU,0.00023007987
Pittsburgh,Colorado,0.00023007987
San Diego St,New Mexico St,0.00023007987
St Louis,NC State,0.00023007987
Syracuse,W Michigan,0.00023007987
Texas,Arizona St,0.00023007987
Villanova,WI Milwaukee,0.00023007987
Wisconsin,American Univ,0.00023007987
Arizona,Weber St,0.00023007987
Baylor,Nebraska,0.00023007987
Creighton,Louisiana,0.00023007987
Gonzaga,Oklahoma St,0.00023007987
Iowa St,NC Central,0.00023007987
Kansas,E Kentucky,0.00023007987
Kentucky,Kansas St,0.00023007987
Memphis,G Washington,0.00023007987
Mercer,Duke,0.00023007987
North Carolina,Providence,0.00023007987
SF Austin,VCU,0.00023007987
Stanford,New Mexico,0.00023007987
Tennessee,Massachusetts,0.00023007987
UCLA,Tulsa,0.00023007987
Virginia,Coastal Car,0.00023007987
Wichita St,Cal Poly,0.00023007987
Connecticut,Villanova,0.00023007987
Dayton,Syracuse,0.00023007987
Florida,Pittsburgh,0.00023007987
Louisville,St Louis,0.00023007987
Michigan,Texas,0.00023007987
Michigan St,Harvard,0.00023007987
San Diego St,N Dakota St,0.00023007987
Wisconsin,Oregon,0.00023007987
Arizona,Gonzaga,0.00023007987
Baylor,Creighton,0.00023007987
Iowa St,North Carolina,0.00023007987
Kentucky,Wichita St,0.00023007987
Stanford,Kansas,0.00023007987
Tennessee,Mercer,0.00023007987
UCLA,SF Austin,0.00023007987
Virginia,Memphis,0.00023007987
Arizona,San Diego St,0.00023007987
Dayton,Stanford,0.00023007987
Florida,UCLA,0.00023007987
Wisconsin,Baylor,0.00023007987
Connecticut,Iowa St,0.00023007987
Kentucky,Louisville,0.00023007987
Michigan,Tennessee,0.00023007987
Michigan St,Virginia,0.00023007987
Florida,Dayton,0.00023007987
Wisconsin,Arizona,0.00023007987
Connecticut,Michigan St,0.00023007987
Kentucky,Michigan,0.00023007987
Connecticut,Florida,0.00023007987
Kentucky,Wisconsin,0.00023007987
Connecticut,Kentucky,0.00023007987
Hampton,Manhattan,0.00023007987
Mississippi,BYU,0.00023007987
Dayton,Boise St,0.00023007987
Robert Morris,North Florida,0.00023007987
Arizona,TX Southern,0.00023007987
Arkansas,Wofford,0.00023007987
Butler,Texas,0.00023007987
Cincinnati,Purdue,0.00023007987
Georgetown,E Washington,0.00023007987
Georgia St,Baylor,0.00023007987
Kentucky,Hampton,0.00023007987
NC State,LSU,0.00023007987
North Carolina,Harvard,0.00023007987
Notre Dame,Northeastern,0.00023007987
Ohio St,VCU,0.00023007987
UAB,Iowa St,0.00023007987
UCLA,SMU,0.00023007987
Utah,SF Austin,0.00023007987
Villanova,Lafayette,0.00023007987
Xavier,Mississippi,0.00023007987
Dayton,Providence,0.00023007987
Duke,Robert Morris,0.00023007987
Gonzaga,N Dakota St,0.00023007987
Iowa,Davidson,0.00023007987
Kansas,New Mexico St,0.00023007987
Louisville,UC Irvine,0.00023007987
Maryland,Valparaiso,0.00023007987
Michigan St,Georgia,0.00023007987
Northern Iowa,Wyoming,0.00023007987
Oklahoma,SUNY Albany,0.00023007987
Oregon,Oklahoma St,0.00023007987
San Diego St,St John's,0.00023007987
Virginia,Belmont,0.00023007987
West Virginia,Buffalo,0.00023007987
Wichita St,Indiana,0.00023007987
Wisconsin,Coastal Car,0.00023007987
Arizona,Ohio St,0.00023007987
Kentucky,Cincinnati,0.00023007987
NC State,Villanova,0.00023007987
North Carolina,Arkansas,0.00023007987
Notre Dame,Butler,0.00023007987
UCLA,UAB,0.00023007987
Utah,Georgetown,0.00023007987
Xavier,Georgia St,0.00023007987
Duke,San Diego St,0.00023007987
Gonzaga,Iowa,0.00023007987
Louisville,Northern Iowa,0.00023007987
Michigan St,Virginia,0.00023007987
Oklahoma,Dayton,0.00023007987
West Virginia,Maryland,0.00023007987
Wichita St,Kansas,0.00023007987
Wisconsin,Oregon,0.00023007987
Arizona,Xavier,0.00023007987
Kentucky,West Virginia,0.00023007987
Notre Dame,Wichita St,0.00023007987
Wisconsin,North Carolina,0.00023007987
Duke,Utah,0.00023007987
Gonzaga,UCLA,0.00023007987
Louisville,NC State,0.00023007987
Michigan St,Oklahoma,0.00023007987
Kentucky,Notre Dame,0.00023007987
Wisconsin,Arizona,0.00023007987
Duke,Gonzaga,0.00023007987
Michigan St,Louisville,0.00023007987
Duke,Michigan St,0.00023007987
Wisconsin,Kentucky,0.00023007987
Duke,Wisconsin,0.00023007987
FGCU,F Dickinson,0.00023007987
Wichita St,Vanderbilt,0.00023007987
Holy Cross,Southern Univ,0.00023007987
Michigan,Tulsa,0.00023007987
Ark Little Rock,Purdue,0.00023007987
Butler,Texas Tech,0.00023007987
Connecticut,Colorado,0.00023007987
Duke,UNC Wilmington,0.00023007987
Gonzaga,Seton Hall,0.00023007987
Indiana,Chattanooga,0.00023007987
Iowa St,Iona,0.00023007987
Kansas,Austin Peay,0.00023007987
Kentucky,Stony Brook,0.00023007987
Miami FL,Buffalo,0.00023007987
North Carolina,FGCU,0.00023007987
Providence,USC,0.00023007987
Utah,Fresno St,0.00023007987
Virginia,Hampton,0.00023007987
Wichita St,Arizona,0.00023007987
Yale,Baylor,0.00023007987
Hawaii,California,0.00023007987
Iowa,Temple,0.00023007987
Maryland,S Dakota St,0.00023007987
MTSU,Michigan St,0.00023007987
Northern Iowa,Texas,0.00023007987
Notre Dame,Michigan,0.00023007987
Oklahoma,CS Bakersfield,0.00023007987
Oregon,Holy Cross,0.00023007987
SF Austin,West Virginia,0.00023007987
St Joseph's PA,Cincinnati,0.00023007987
Syracuse,Dayton,0.00023007987
Texas A&M,WI Green Bay,0.00023007987
VCU,Oregon St,0.00023007987
Villanova,UNC Asheville,0.00023007987
Wisconsin,Pittsburgh,0.00023007987
Xavier,Weber St,0.00023007987
Duke,Yale,0.00023007987
Gonzaga,Utah,0.00023007987
Indiana,Kentucky,0.00023007987
Iowa St,Ark Little Rock,0.00023007987
Kansas,Connecticut,0.00023007987
Miami FL,Wichita St,0.00023007987
North Carolina,Providence,0.00023007987
Virginia,Butler,0.00023007987
Maryland,Hawaii,0.00023007987
Notre Dame,SF Austin,0.00023007987
Oklahoma,VCU,0.00023007987
Oregon,St Joseph's PA,0.00023007987
Syracuse,MTSU,0.00023007987
Texas A&M,Northern Iowa,0.00023007987
Villanova,Iowa,0.00023007987
Wisconsin,Xavier,0.00023007987
Kansas,Maryland,0.00023007987
Oklahoma,Texas A&M,0.00023007987
Oregon,Duke,0.00023007987
Villanova,Miami FL,0.00023007987
North Carolina,Indiana,0.00023007987
Notre Dame,Wisconsin,0.00023007987
Syracuse,Gonzaga,0.00023007987
Virginia,Iowa St,0.00023007987
Oklahoma,Oregon,0.00023007987
Villanova,Kansas,0.00023007987
North Carolina,Notre Dame,0.00023007987
Syracuse,Virginia,0.00023007987
North Carolina,Syracuse,0.00023007987
Villanova,Oklahoma,0.00023007987
Villanova,North Carolina,0.00023007987
Kansas St,Wake Forest,0.00023007987
Mt St Mary's,New Orleans,0.00023007987
UC Davis,NC Central,0.00023007987
USC,Providence,0.00023007987
Arizona,North Dakota,0.00023007987
Butler,Winthrop,0.00023007987
Florida,ETSU,0.00023007987
Florida St,FGCU,0.00023007987
Gonzaga,S Dakota St,0.00023007987
Iowa St,Nevada,0.00023007987
MTSU,Minnesota,0.00023007987
Northwestern,Vanderbilt,0.00023007987
Notre Dame,Princeton,0.00023007987
Purdue,Vermont,0.00023007987
St Mary's CA,VCU,0.00023007987
Villanova,Mt St Mary's,0.00023007987
Virginia,UNC Wilmington,0.00023007987
West Virginia,Bucknell,0.00023007987
Wisconsin,Virginia Tech,0.00023007987
Xavier,Maryland,0.00023007987
Arkansas,Seton Hall,0.00023007987
Baylor,New Mexico St,0.00023007987
Cincinnati,Kansas St,0.00023007987
Duke,Troy,0.00023007987
Kansas,UC Davis,0.00023007987
Kentucky,N Kentucky,0.00023007987
Louisville,Jacksonville St,0.00023007987
Michigan,Oklahoma St,0.00023007987
Michigan St,Miami FL,0.00023007987
North Carolina,TX Southern,0.00023007987
Oregon,Iona,0.00023007987
Rhode Island,Creighton,0.00023007987
South Carolina,Marquette,0.00023007987
UCLA,Kent,0.00023007987
USC,SMU,0.00023007987
Wichita St,Dayton,0.00023007987
Arizona,St Mary's CA,0.00023007987
Butler,MTSU,0.00023007987
Florida,Virginia,0.00023007987
Gonzaga,Northwestern,0.00023007987
Purdue,Iowa St,0.00023007987
West Virginia,Notre Dame,0.00023007987
Wisconsin,Villanova,0.00023007987
Xavier,Florida St,0.00023007987
Baylor,USC,0.00023007987
Kansas,Michigan St,0.00023007987
Kentucky,Wichita St,0.00023007987
Michigan,Louisville,0.00023007987
North Carolina,Arkansas,0.00023007987
Oregon,Rhode Island,0.00023007987
South Carolina,Duke,0.00023007987
UCLA,Cincinnati,0.00023007987
Gonzaga,West Virginia,0.00023007987
Kansas,Purdue,0.00023007987
Oregon,Michigan,0.00023007987
Xavier,Arizona,0.00023007987
Florida,Wisconsin,0.00023007987
Kentucky,UCLA,0.00023007987
North Carolina,Butler,0.00023007987
South Carolina,Baylor,0.00023007987
Gonzaga,Xavier,0.00023007987
Oregon,Kansas,0.00023007987
North Carolina,Kentucky,0.00023007987
South Carolina,Florida,0.00023007987
Gonzaga,South Carolina,0.00023007987
North Carolina,Oregon,0.00023007987
North Carolina,Gonzaga,0.00023007987
Radford,LIU Brooklyn,0.00023007987
St Bonaventure,UCLA,0.00023007987
Syracuse,Arizona St,0.00023007987
TX Southern,NC Central,0.00023007987
Alabama,Virginia Tech,0.00023007987
Buffalo,Arizona,0.00023007987
Duke,Iona,0.00023007987
Florida,St Bonaventure,0.00023007987
Gonzaga,UNC Greensboro,0.00023007987
Houston,San Diego St,0.00023007987
Kansas,Penn,0.00023007987
Kentucky,Davidson,0.00023007987
Loyola-Chicago,Miami FL,0.00023007987
Michigan,Montana,0.00023007987
Ohio St,S Dakota St,0.00023007987
Rhode Island,Oklahoma,0.00023007987
Seton Hall,NC State,0.00023007987
Tennessee,Wright St,0.00023007987
Texas Tech,SF Austin,0.00023007987
Villanova,Radford,0.00023007987
Auburn,Col Charleston,0.00023007987
Butler,Arkansas,0.00023007987
Cincinnati,Georgia St,0.00023007987
Clemson,New Mexico St,0.00023007987
Florida St,Missouri,0.00023007987
Kansas St,Creighton,0.00023007987
Marshall,Wichita St,0.00023007987
Michigan St,Bucknell,0.00023007987
Nevada,Texas,0.00023007987
North Carolina,Lipscomb,0.00023007987
Purdue,CS Fullerton,0.00023007987
Syracuse,TCU,0.00023007987
Texas A&M,Providence,0.00023007987
UMBC,Virginia,0.00023007987
West Virginia,Murray St,0.00023007987
Xavier,TX Southern,0.00023007987
Duke,Rhode Island,0.00023007987
Gonzaga,Ohio St,0.00023007987
Kansas,Seton Hall,0.00023007987
Kentucky,Buffalo,0.00023007987
Loyola-Chicago,Tennessee,0.00023007987
Michigan,Houston,0.00023007987
Texas Tech,Florida,0.00023007987
Villanova,Alabama,0.00023007987
Clemson,Auburn,0.00023007987
Florida St,Xavier,0.00023007987
Kansas St,UMBC,0.00023007987
Nevada,Cincinnati,0.00023007987
Purdue,Butler,0.00023007987
Syracuse,Michigan St,0.00023007987
Texas A&M,North Carolina,0.00023007987
West Virginia,Marshall,0.00023007987
Florida St,Gonzaga,0.00023007987
Kansas St,Kentucky,0.00023007987
Loyola-Chicago,Nevada,0.00023007987
Michigan,Texas A&M,0.00023007987
Duke,Syracuse,0.00023007987
Kansas,Clemson,0.00023007987
Texas Tech,Purdue,0.00023007987
Villanova,West Virginia,0.00023007987
Loyola-Chicago,Kansas St,0.00023007987
Michigan,Florida St,0.00023007987
Kansas,Duke,0.00023007987
Villanova,Texas Tech,0.00023007987
Michigan,Loyola-Chicago,0.00023007987
Villanova,Kansas,0.00023007987
Villanova,Michigan,0.00023007987
Belmont,Temple,0.00023007987
F Dickinson,Prairie View,0.00023007987
Arizona St,St John's,0.00023007987
N Dakota St,NC Central,0.00023007987
Auburn,New Mexico St,0.00023007987
Baylor,Syracuse,0.00023007987
Florida,Nevada,0.00023007987
Florida St,Vermont,0.00023007987
Gonzaga,F Dickinson,0.00023007987
Kansas,Northeastern,0.00023007987
Kentucky,Abilene Chr,0.00023007987
LSU,Yale,0.00023007987
Maryland,Belmont,0.00023007987
Michigan,Montana,0.00023007987
Michigan St,Bradley,0.00023007987
Minnesota,Louisville,0.00023007987
Murray St,Marquette,0.00023007987
Purdue,Old Dominion,0.00023007987
Villanova,St Mary's CA,0.00023007987
Wofford,Seton Hall,0.00023007987
Buffalo,Arizona St,0.00023007987
Duke,N Dakota St,0.00023007987
Houston,Georgia St,0.00023007987
Iowa,Cincinnati,0.00023007987
Liberty,Mississippi St,0.00023007987
North Carolina,Iona,0.00023007987
Ohio St,Iowa St,0.00023007987
Oklahoma,Mississippi,0.00023007987
Oregon,Wisconsin,0.00023007987
Tennessee,Colgate,0.00023007987
Texas Tech,N Kentucky,0.00023007987
UC Irvine,Kansas St,0.00023007987
UCF,VCU,0.00023007987
Virginia,Gardner Webb,0.00023007987
Virginia Tech,St Louis,0.00023007987
Washington,Utah St,0.00023007987
Auburn,Kansas,0.00023007987
Florida St,Murray St,0.00023007987
Gonzaga,Baylor,0.00023007987
Kentucky,Wofford,0.00023007987
LSU,Maryland,0.00023007987
Michigan,Florida,0.00023007987
Michigan St,Minnesota,0.00023007987
Purdue,Villanova,0.00023007987
Duke,UCF,0.00023007987
Houston,Ohio St,0.00023007987
North Carolina,Washington,0.00023007987
Oregon,UC Irvine,0.00023007987
Tennessee,Iowa,0.00023007987
Texas Tech,Buffalo,0.00023007987
Virginia,Oklahoma,0.00023007987
Virginia Tech,Liberty,0.00023007987
Gonzaga,Florida St,0.00023007987
Purdue,Tennessee,0.00023007987
Texas Tech,Michigan,0.00023007987
Virginia,Oregon,0.00023007987
Auburn,North Carolina,0.00023007987
Duke,Virginia Tech,0.00023007987
Kentucky,Houston,0.00023007987
Michigan St,LSU,0.00023007987
Texas Tech,Gonzaga,0.00023007987
Virginia,Purdue,0.00023007987
Auburn,Kentucky,0.00023007987
Michigan St,Duke,0.00023007987
Texas Tech,Michigan St,0.00023007987
Virginia,Auburn,0.00023007987
Virginia,Texas Tech,0.00023007987
Drake,Wichita St,0.00023007987
Norfolk St,Appalachian St,0.00023007987
TX Southern,Mt St Mary's,0.00023007987
UCLA,Michigan St,0.00023007987
Arkansas,Colgate,0.00023007987
Baylor,Hartford,0.00023007987
Florida,Virginia Tech,0.00023007987
Houston,Cleveland St,0.00023007987
Illinois,Drexel,0.00023007987
Loyola-Chicago,Georgia Tech,0.00023007987
North Texas,Purdue,0.00023007987
Oklahoma St,Liberty,0.00023007987
Oral Roberts,Ohio St,0.00023007987
Oregon St,Tennessee,0.00023007987
Rutgers,Clemson,0.00023007987
Syracuse,San Diego St,0.00023007987
Texas Tech,Utah St,0.00023007987
Villanova,Winthrop,0.00023007987
West Virginia,Morehead St,0.00023007987
Wisconsin,North Carolina,0.00023007987
Abilene Chr,Texas,0.00023007987
Alabama,Iona,0.00023007987
Colorado,Georgetown,0.00023007987
Creighton,UC Santa Barbara,0.00023007987
Florida St,UNC Greensboro,0.00023007987
Gonzaga,Norfolk St,0.00023007987
Iowa,Grand Canyon,0.00023007987
Kansas,E Washington,0.00023007987
LSU,St Bonaventure,0.00023007987
Maryland,Connecticut,0.00023007987
Michigan,TX Southern,0.00023007987
Ohio,Virginia,0.00023007987
Oklahoma,Missouri,0.00023007987
UCLA,BYU,0.00023007987
USC,Drake,0.00023007987
Arkansas,Texas Tech,0.00023007987
Baylor,Wisconsin,0.00023007987
Houston,Rutgers,0.00023007987
Loyola-Chicago,Illinois,0.00023007987
Oral Roberts,Florida,0.00023007987
Oregon St,Oklahoma St,0.00023007987
Syracuse,West Virginia,0.00023007987
Villanova,North Texas,0.00023007987
Alabama,Maryland,0.00023007987
Creighton,Ohio,0.00023007987
Florida St,Colorado,0.00023007987
Gonzaga,Oklahoma,0.00023007987
Michigan,LSU,0.00023007987
Oregon,Iowa,0.00023007987
UCLA,Abilene Chr,0.00023007987
USC,Kansas,0.00023007987
Arkansas,Oral Roberts,0.00023007987
Baylor,Villanova,0.00023007987
Houston,Syracuse,0.00023007987
Oregon St,Loyola-Chicago,0.00023007987
Gonzaga,Creighton,0.00023007987
Michigan,Florida St,0.00023007987
UCLA,Alabama,0.00023007987
USC,Oregon,0.00023007987
Baylor,Arkansas,0.00023007987
Houston,Oregon St,0.00023007987
Gonzaga,USC,0.00023007987
UCLA,Michigan,0.00023007987
Baylor,Houston,0.00023007987
Gonzaga,UCLA,0.00023007987
Baylor,Gonzaga,0.00023007987
Indiana,Wyoming,0.00023007987
TX Southern,TAM C. Christi,0.00023007987
Notre Dame,Rutgers,0.00023007987
Wright St,Bryant,0.00023007987
Arkansas,Vermont,0.00023007987
Baylor,Norfolk St,0.00023007987
Creighton,San Diego St,0.00023007987
Gonzaga,Georgia St,0.00023007987
Kansas,TX Southern,0.00023007987
Memphis,Boise St,0.00023007987
Michigan,Colorado St,0.00023007987
Murray St,San Francisco,0.00023007987
New Mexico St,Connecticut,0.00023007987
North Carolina,Marquette,0.00023007987
Providence,S Dakota St,0.00023007987
Richmond,Iowa,0.00023007987
St Mary's CA,Indiana,0.00023007987
St Peter's,Kentucky,0.00023007987
Tennessee,Longwood,0.00023007987
UCLA,Akron,0.00023007987
Arizona,Wright St,0.00023007987
Auburn,Jacksonville St,0.00023007987
Duke,CS Fullerton,0.00023007987
Houston,UAB,0.00023007987
Illinois,Chattanooga,0.00023007987
Iowa St,LSU,0.00023007987
Miami FL,USC,0.00023007987
Michigan St,Davidson,0.00023007987
Notre Dame,Alabama,0.00023007987
Ohio St,Loyola-Chicago,0.00023007987
Purdue,Yale,0.00023007987
TCU,Seton Hall,0.00023007987
Texas,Virginia Tech,0.00023007987
Texas Tech,Montana St,0.00023007987
Villanova,Delaware,0.00023007987
Wisconsin,Colgate,0.00023007987
Arkansas,New Mexico St,0.00023007987
Gonzaga,Memphis,0.00023007987
Kansas,Creighton,0.00023007987
Michigan,Tennessee,0.00023007987
North Carolina,Baylor,0.00023007987
Providence,Richmond,0.00023007987
St Peter's,Murray St,0.00023007987
UCLA,St Mary's CA,0.00023007987
Arizona,TCU,0.00023007987
Duke,Michigan St,0.00023007987
Houston,Illinois,0.00023007987
Iowa St,Wisconsin,0.00023007987
Miami FL,Auburn,0.00023007987
Purdue,Texas,0.00023007987
Texas Tech,Notre Dame,0.00023007987
Villanova,Ohio St,0.00023007987
Arkansas,Gonzaga,0.00023007987
Duke,Texas Tech,0.00023007987
Houston,Arizona,0.00023007987
Villanova,Michigan,0.00023007987
Kansas,Providence,0.00023007987
Miami FL,Iowa St,0.00023007987
North Carolina,UCLA,0.00023007987
St Peter's,Purdue,0.00023007987
Duke,Arkansas,0.00023007987
Villanova,Houston,0.00023007987
Kansas,Miami FL,0.00023007987
North Carolina,St Peter's,0.00023007987
Kansas,Villanova,0.00023007987
North Carolina,Duke,0.00023007987
Kansas,North Carolina,0.00023007987
Pittsburgh,Mississippi St,0.00023007987
TAM C. Christi,SE Missouri St,0.00023007987
Arizona St,Nevada,0.00023007987
F Dickinson,TX Southern,0.00023007987
Alabama,TAM C. Christi,0.00023007987
Arkansas,Illinois,0.00023007987
Auburn,Iowa,0.00023007987
Duke,Oral Roberts,0.00023007987
Furman,Virginia,0.00023007987
Houston,N Kentucky,0.00023007987
Kansas,Howard,0.00023007987
Maryland,West Virginia,0.00023007987
Missouri,Utah St,0.00023007987
Northwestern,Boise St,0.00023007987
Penn St,Texas A&M,0.00023007987
Princeton,Arizona,0.00023007987
San Diego St,Col Charleston,0.00023007987
Tennessee,Louisiana,0.00023007987
Texas,Colgate,0.00023007987
UCLA,UNC Asheville,0.00023007987
Baylor,UC Santa Barbara,0.00023007987
Connecticut,Iona,0.00023007987
Creighton,NC State,0.00023007987
F Dickinson,Purdue,0.00023007987
FL Atlantic,Memphis,0.00023007987
Gonzaga,Grand Canyon,0.00023007987
Indiana,Kent,0.00023007987
Kansas St,Montana St,0.00023007987
Kentucky,Providence,0.00023007987
Marquette,Vermont,0.00023007987
Miami FL,Drake,0.00023007987
Michigan St,USC,0.00023007987
Pittsburgh,Iowa St,0.00023007987
St Mary's CA,VCU,0.00023007987
TCU,Arizona St,0.00023007987
Xavier,Kennesaw,0.00023007987
Alabama,Maryland,0.00023007987
Arkansas,Kansas,0.00023007987
Houston,Auburn,0.00023007987
Princeton,Missouri,0.00023007987
San Diego St,Furman,0.00023007987
Tennessee,Duke,0.00023007987
Texas,Penn St,0.00023007987
UCLA,Northwestern,0.00023007987
Connecticut,St Mary's CA,0.00023007987
Creighton,Baylor,0.00023007987
FL Atlantic,F Dickinson,0.00023007987
Gonzaga,TCU,0.00023007987
Kansas St,Kentucky,0.00023007987
Miami FL,Indiana,0.00023007987
Michigan St,Marquette,0.00023007987
Xavier,Pittsburgh,0.00023007987
Connecticut,Arkansas,0.00023007987
FL Atlantic,Tennessee,0.00023007987
Gonzaga,UCLA,0.00023007987
Kansas St,Michigan St,0.00023007987
Creighton,Princeton,0.00023007987
Miami FL,Houston,0.00023007987
San Diego St,Alabama,0.00023007987
Texas,Xavier,0.00023007987
Connecticut,Gonzaga,0.00023007987
FL Atlantic,Kansas St,0.00023007987
Miami FL,Texas,0.00023007987
San Diego St,Creighton,0.00023007987
Connecticut,Miami FL,0.00023007987
San Diego St,FL Atlantic,0.00023007987
Connecticut,San Diego St,0.00023007987
Colorado St,Virginia,0.00023007987
Wagner,Howard,0.00023007987
Colorado,Boise St,0.00023007987
Grambling,Montana St,0.00023007987
Arizona,Long Beach St,0.00023007987
Creighton,Akron,0.00023007987
Dayton,Nevada,0.00023007987
Duquesne,BYU,0.00023007987
Gonzaga,McNeese St,0.00023007987
Illinois,Morehead St,0.00023007987
Iowa St,S Dakota St,0.00023007987
Kansas,Samford,0.00023007987
Michigan St,Mississippi St,0.00023007987
NC State,Texas Tech,0.00023007987
North Carolina,Wagner,0.00023007987
Oakland,Kentucky,0.00023007987
Oregon,South Carolina,0.00023007987
Tennessee,St Peter's,0.00023007987
Texas,Colorado St,0.00023007987
Washington St,Drake,0.00023007987
Alabama,Col Charleston,0.00023007987
Baylor,Colgate,0.00023007987
Clemson,New Mexico,0.00023007987
Colorado,Florida,0.00023007987
Connecticut,Stetson,0.00023007987
Duke,Vermont,0.00023007987
Grand Canyon,St Mary's CA,0.00023007987
Houston,Longwood,0.00023007987
James Madison,Wisconsin,0.00023007987
Marquette,WKU,0.00023007987
Northwestern,FL Atlantic,0.00023007987
Purdue,Grambling,0.00023007987
San Diego St,UAB,0.00023007987
Texas A&M,Nebraska,0.00023007987
Utah St,TCU,0.00023007987
Yale,Auburn,0.00023007987
Arizona,Dayton,0.00023007987
Creighton,Oregon,0.00023007987
Gonzaga,Kansas,0.00023007987
Illinois,Duquesne,0.00023007987
Iowa St,Washington St,0.00023007987
NC State,Oakland,0.00023007987
North Carolina,Michigan St,0.00023007987
Tennessee,Texas,0.00023007987
Alabama,Grand Canyon,0.00023007987
Clemson,Baylor,0.00023007987
Connecticut,Northwestern,0.00023007987
Duke,James Madison,0.00023007987
Houston,Texas A&M,0.00023007987
Marquette,Colorado,0.00023007987
Purdue,Utah St,0.00023007987
San Diego St,Yale,0.00023007987
Alabama,North Carolina,0.00023007987
Clemson,Arizona,0.00023007987
Connecticut,San Diego St,0.00023007987
Illinois,Iowa St,0.00023007987
Duke,Houston,0.00023007987
NC State,Marquette,0.00023007987
Purdue,Gonzaga,0.00023007987
Tennessee,Creighton,0.00023007987
Alabama,Clemson,0.00023007987
Connecticut,Illinois,0.00023007987
NC State,Duke,0.00023007987
Purdue,Tennessee,0.00023007987
Connecticut,Alabama,0.00023007987
Purdue,NC State,0.00023007987
Connecticut,Purdue,0.00023007987
